"To Tell The Truth - Se2 - Ep02 - Lara Spencer, David Arquette, Tom Bergeron, Sherri Shepherd HD Watch [x8i93gl]-00.03.30.035-00.03.36.640 1号嘉宾 （真）.mp4"
"To Tell The Truth - Se2 - Ep02 - Lara Spencer, David Arquette, Tom Bergeron, Sherri Shepherd HD Watch [x8i93gl]-00.04.29.793-00.04.31.713 2号嘉宾.mp4"
"To Tell The Truth - Se2 - Ep02 - Lara Spencer, David Arquette, Tom Bergeron, Sherri Shepherd HD Watch [x8i93gl]-00.04.40.380-00.04.44.402 3号嘉宾.mp4"
"To Tell The Truth - Se2 - Ep02 - Lara Spencer, David Arquette, Tom Bergeron, Sherri Shepherd HD Watch [x8i93gl]-00.10.55.601-00.10.58.344 4号嘉宾 （真）.mp4"
"To Tell The Truth - Se2 - Ep02 - Lara Spencer, David Arquette, Tom Bergeron, Sherri Shepherd HD Watch [x8i93gl]-00.11.13.823-00.11.18.467 5号嘉宾.mp4"
"To Tell The Truth - Se2 - Ep02 - Lara Spencer, David Arquette, Tom Bergeron, Sherri Shepherd HD Watch [x8i93gl]-00.11.27.966-00.11.30.343 6号嘉宾.mp4"
"To Tell The Truth - Se2 - Ep02 - Lara Spencer, David Arquette, Tom Bergeron, Sherri Shepherd HD Watch [x8i93gl]-00.18.51.432-00.18.54.433 7号嘉宾.mp4"
"To Tell The Truth - Se2 - Ep02 - Lara Spencer, David Arquette, Tom Bergeron, Sherri Shepherd HD Watch [x8i93gl]-00.18.55.940-00.18.57.588 8号嘉宾.mp4"
"To Tell The Truth - Se2 - Ep02 - Lara Spencer, David Arquette, Tom Bergeron, Sherri Shepherd HD Watch [x8i93gl]-00.18.58.445-00.19.03.288 9号嘉宾 （真）.mp4"
"To Tell The Truth - Se2 - Ep02 - Lara Spencer, David Arquette, Tom Bergeron, Sherri Shepherd HD Watch [x8i93gl]-00.32.32.164-00.32.36.465 10号嘉宾 （真）.mp4"
"To Tell The Truth - Se2 - Ep02 - Lara Spencer, David Arquette, Tom Bergeron, Sherri Shepherd HD Watch [x8i93gl]-00.32.45.337-00.32.50.310 11号嘉宾.mp4"
"To Tell The Truth - Se2 - Ep02 - Lara Spencer, David Arquette, Tom Bergeron, Sherri Shepherd HD Watch [x8i93gl]-00.33.16.326-00.33.20.511 12号嘉宾.mp4"
To Tell The Truth - Se5 - Ep06 HD Watch [x8ie9i2]-00.03.26.332-00.03.27.969 1号嘉宾 （真）.mp4
To Tell The Truth - Se5 - Ep06 HD Watch [x8ie9i2]-00.03.37.552-00.03.40.076 2号嘉宾.mp4
To Tell The Truth - Se5 - Ep06 HD Watch [x8ie9i2]-00.03.43.595-00.03.47.951 3号嘉宾.mp4
To Tell The Truth - Se5 - Ep06 HD Watch [x8ie9i2]-00.10.18.787-00.10.20.267 4号嘉宾.mp4
To Tell The Truth - Se5 - Ep06 HD Watch [x8ie9i2]-00.10.25.057-00.10.26.136 5号嘉宾 （真）.mp4
To Tell The Truth - Se5 - Ep06 HD Watch [x8ie9i2]-00.10.36.654-00.10.37.984 6号嘉宾.mp4
To Tell The Truth - Se5 - Ep06 HD Watch [x8ie9i2]-00.20.07.041-00.20.07.586 7号嘉宾 （真）.mp4
To Tell The Truth - Se5 - Ep06 HD Watch [x8ie9i2]-00.20.17.745-00.20.19.797 8号嘉宾.mp4
To Tell The Truth - Se5 - Ep06 HD Watch [x8ie9i2]-00.20.22.929-00.20.24.225 9号嘉宾 （真）.mp4
To Tell The Truth - Se5 - Ep06 HD Watch [x8ie9i2]-00.34.22.187-00.34.24.758 10号嘉宾 （真）.mp4
To Tell The Truth - Se5 - Ep06 HD Watch [x8ie9i2]-00.34.30.847-00.34.33.487 11号嘉宾.mp4
To Tell The Truth - Se5 - Ep06 HD Watch [x8ie9i2]-00.34.41.387-00.34.43.552 12号嘉宾.mp4
"To Tell The Truth - Se6 - Ep01 - Jimmy Kimmel, Andrea Savage and Sherri Shepherd HD Watch [x8ie9it]-00.03.22.437-00.03.23.543 1号嘉宾.mp4"
"To Tell The Truth - Se6 - Ep01 - Jimmy Kimmel, Andrea Savage and Sherri Shepherd HD Watch [x8ie9it]-00.03.30.147-00.03.32.284 2号 嘉宾  （真）.mp4"
"To Tell The Truth - Se6 - Ep01 - Jimmy Kimmel, Andrea Savage and Sherri Shepherd HD Watch [x8ie9it]-00.03.48.176-00.03.49.491 3号嘉宾.mp4"
"To Tell The Truth - Se6 - Ep01 - Jimmy Kimmel, Andrea Savage and Sherri Shepherd HD Watch [x8ie9it]-00.12.41.066-00.12.43.047 4号嘉宾 （真）.mp4"
"To Tell The Truth - Se6 - Ep01 - Jimmy Kimmel, Andrea Savage and Sherri Shepherd HD Watch [x8ie9it]-00.12.44.754-00.12.46.431 5号嘉宾.mp4"
"To Tell The Truth - Se6 - Ep01 - Jimmy Kimmel, Andrea Savage and Sherri Shepherd HD Watch [x8ie9it]-00.12.53.193-00.12.54.514 6号嘉宾 （真）.mp4"
"To Tell The Truth - Se6 - Ep01 - Jimmy Kimmel, Andrea Savage and Sherri Shepherd HD Watch [x8ie9it]-00.25.24.208-00.25.28.385 7号嘉宾.mp4"
"To Tell The Truth - Se6 - Ep01 - Jimmy Kimmel, Andrea Savage and Sherri Shepherd HD Watch [x8ie9it]-00.25.47.024-00.25.50.534 8号嘉宾.mp4"
"To Tell The Truth - Se6 - Ep01 - Jimmy Kimmel, Andrea Savage and Sherri Shepherd HD Watch [x8ie9it]-00.26.01.487-00.26.04.144 9号嘉宾 （真）.mp4"
"To Tell The Truth - Se6 - Ep01 - Jimmy Kimmel, Andrea Savage and Sherri Shepherd HD Watch [x8ie9it]-00.33.56.721-00.33.59.701 10号嘉宾.mp4"
"To Tell The Truth - Se6 - Ep01 - Jimmy Kimmel, Andrea Savage and Sherri Shepherd HD Watch [x8ie9it]-00.34.11.664-00.34.16.431 11号嘉宾 （真）.mp4"
"To Tell The Truth - Se6 - Ep01 - Jimmy Kimmel, Andrea Savage and Sherri Shepherd HD Watch [x8ie9it]-00.34.29.028-00.34.31.936 12号嘉宾.mp4"
"To Tell The Truth - Se6 - Ep02 - Lil Rel Howery, Adam Rodriguez and Nikki Glaser HD Watch [x8ie9ij]-00.02.46.721-00.02.48.380 2号嘉宾.mp4"
"To Tell The Truth - Se6 - Ep02 - Lil Rel Howery, Adam Rodriguez and Nikki Glaser HD Watch [x8ie9ij]-00.03.34.629-00.03.35.582 1号嘉宾.mp4"
"To Tell The Truth - Se6 - Ep02 - Lil Rel Howery, Adam Rodriguez and Nikki Glaser HD Watch [x8ie9ij]-00.03.58.930-00.04.00.304 3号嘉宾 （真）.mp4"
"To Tell The Truth - Se6 - Ep02 - Lil Rel Howery, Adam Rodriguez and Nikki Glaser HD Watch [x8ie9ij]-00.11.53.813-00.11.56.401 5号嘉宾 （真）.mp4"
"To Tell The Truth - Se6 - Ep02 - Lil Rel Howery, Adam Rodriguez and Nikki Glaser HD Watch [x8ie9ij]-00.12.14.522-00.12.22.896 4号嘉宾.mp4"
"To Tell The Truth - Se6 - Ep02 - Lil Rel Howery, Adam Rodriguez and Nikki Glaser HD Watch [x8ie9ij]-00.12.38.811-00.12.41.066 6号嘉宾 （真）.mp4"
"To Tell The Truth - Se6 - Ep02 - Lil Rel Howery, Adam Rodriguez and Nikki Glaser HD Watch [x8ie9ij]-00.27.40.115-00.27.42.847 7号嘉宾 （真）.mp4"
"To Tell The Truth - Se6 - Ep02 - Lil Rel Howery, Adam Rodriguez and Nikki Glaser HD Watch [x8ie9ij]-00.27.46.284-00.27.49.285 8号嘉宾.mp4"
"To Tell The Truth - Se6 - Ep02 - Lil Rel Howery, Adam Rodriguez and Nikki Glaser HD Watch [x8ie9ij]-00.27.49.971-00.27.51.977 9号嘉宾.mp4"
"To Tell The Truth - Se6 - Ep02 - Lil Rel Howery, Adam Rodriguez and Nikki Glaser HD Watch [x8ie9ij]-00.34.34.174-00.34.35.571 10号嘉宾.mp4"
"To Tell The Truth - Se6 - Ep02 - Lil Rel Howery, Adam Rodriguez and Nikki Glaser HD Watch [x8ie9ij]-00.34.36.805-00.34.37.830 11号嘉宾 （真）.mp4"
"To Tell The Truth - Se6 - Ep02 - Lil Rel Howery, Adam Rodriguez and Nikki Glaser HD Watch [x8ie9ij]-00.34.39.429-00.34.41.155 12号嘉宾.mp4"
"To Tell The Truth - Se6 - Ep03 - Joel McHale, Cedric the Entertainer and Malin Akerman HD Watch [x8ie9ir]-00.03.11.165-00.03.13.379 1号嘉宾.mp4"
"To Tell The Truth - Se6 - Ep03 - Joel McHale, Cedric the Entertainer and Malin Akerman HD Watch [x8ie9ir]-00.03.29.401-00.03.31.415 3号嘉宾 （真）.mp4"
"To Tell The Truth - Se6 - Ep03 - Joel McHale, Cedric the Entertainer and Malin Akerman HD Watch [x8ie9ir]-00.03.48.310-00.03.56.562 2号嘉宾.mp4"
"To Tell The Truth - Se6 - Ep03 - Joel McHale, Cedric the Entertainer and Malin Akerman HD Watch [x8ie9ir]-00.10.38.131-00.10.40.905 5号嘉宾.mp4"
"To Tell The Truth - Se6 - Ep03 - Joel McHale, Cedric the Entertainer and Malin Akerman HD Watch [x8ie9ir]-00.11.21.827-00.11.25.474 4号嘉宾 （真）.mp4"
"To Tell The Truth - Se6 - Ep03 - Joel McHale, Cedric the Entertainer and Malin Akerman HD Watch [x8ie9ir]-00.12.07.987-00.12.09.094 6号嘉宾.mp4"
"To Tell The Truth - Se6 - Ep03 - Joel McHale, Cedric the Entertainer and Malin Akerman HD Watch [x8ie9ir]-00.19.22.724-00.19.31.577 9号嘉宾 （真）.mp4"
"To Tell The Truth - Se6 - Ep03 - Joel McHale, Cedric the Entertainer and Malin Akerman HD Watch [x8ie9ir]-00.19.33.805-00.19.43.873 8号嘉宾.mp4"
"To Tell The Truth - Se6 - Ep03 - Joel McHale, Cedric the Entertainer and Malin Akerman HD Watch [x8ie9ir]-00.19.45.318-00.19.52.028 7号嘉宾  （真）.mp4"
"To Tell The Truth - Se6 - Ep03 - Joel McHale, Cedric the Entertainer and Malin Akerman HD Watch [x8ie9ir]-00.32.50.628-00.32.51.891 12号嘉宾 （真）.mp4"
"To Tell The Truth - Se6 - Ep03 - Joel McHale, Cedric the Entertainer and Malin Akerman HD Watch [x8ie9ir]-00.32.56.618-00.32.57.839 11号嘉宾.mp4"
"To Tell The Truth - Se6 - Ep03 - Joel McHale, Cedric the Entertainer and Malin Akerman HD Watch [x8ie9ir]-00.33.14.610-00.33.18.187 10号嘉宾.mp4"
To Tell The Truth - Se6 - Ep04 HD Watch [x8ie9ic]-00.03.36.238-00.03.37.418 2号嘉宾.mp4
To Tell The Truth - Se6 - Ep04 HD Watch [x8ie9ic]-00.03.46.818-00.03.48.936 3号嘉宾 （真）.mp4
To Tell The Truth - Se6 - Ep04 HD Watch [x8ie9ic]-00.04.19.550-00.04.23.164 1号嘉宾.mp4
To Tell The Truth - Se6 - Ep04 HD Watch [x8ie9ic]-00.11.26.787-00.11.31.531 4号嘉宾 （真）.mp4
To Tell The Truth - Se6 - Ep04 HD Watch [x8ie9ic]-00.11.38.140-00.11.39.292 5号嘉宾 （真）.mp4
To Tell The Truth - Se6 - Ep04 HD Watch [x8ie9ic]-00.12.23.948-00.12.26.097 6号嘉宾.mp4
To Tell The Truth - Se6 - Ep04 HD Watch [x8ie9ic]-00.25.48.486-00.25.50.635 8号嘉宾 （真）.mp4
To Tell The Truth - Se6 - Ep04 HD Watch [x8ie9ic]-00.25.54.610-00.25.55.288 9号嘉宾.mp4
To Tell The Truth - Se6 - Ep04 HD Watch [x8ie9ic]-00.26.10.416-00.26.12.502 7号嘉宾.mp4
To Tell The Truth - Se6 - Ep04 HD Watch [x8ie9ic]-00.33.59.090-00.34.00.236 10号嘉宾 （真）.mp4
To Tell The Truth - Se6 - Ep04 HD Watch [x8ie9ic]-00.34.12.968-00.34.14.362 11号嘉宾.mp4
To Tell The Truth - Se6 - Ep04 HD Watch [x8ie9ic]-00.35.10.845-00.35.12.848 12号嘉宾.mp4
To Tell The Truth - Se6 - Ep05 HD Watch [x8ie9ib]-00.02.49.068-00.02.53.879 1号嘉宾 （真）.mp4
To Tell The Truth - Se6 - Ep05 HD Watch [x8ie9ib]-00.03.04.811-00.03.06.129 2号嘉宾.mp4
To Tell The Truth - Se6 - Ep05 HD Watch [x8ie9ib]-00.03.27.984-00.03.29.949 3号嘉宾.mp4
To Tell The Truth - Se6 - Ep05 HD Watch [x8ie9ib]-00.10.41.788-00.10.43.622 4号嘉宾.mp4
To Tell The Truth - Se6 - Ep05 HD Watch [x8ie9ib]-00.10.57.844-00.11.01.371 5号嘉宾 （真）.mp4
To Tell The Truth - Se6 - Ep05 HD Watch [x8ie9ib]-00.11.02.306-00.11.07.982 6号嘉宾.mp4
To Tell The Truth - Se6 - Ep05 HD Watch [x8ie9ib]-00.19.01.889-00.19.03.370 7号嘉宾.mp4
To Tell The Truth - Se6 - Ep05 HD Watch [x8ie9ib]-00.20.00.892-00.20.02.057 9号嘉宾 （真）.mp4
To Tell The Truth - Se6 - Ep05 HD Watch [x8ie9ib]-00.20.25.590-00.20.28.086 8号嘉宾 （真）.mp4
To Tell The Truth - Se6 - Ep05 HD Watch [x8ie9ib]-00.33.22.988-00.33.24.984 10号嘉宾 （真）.mp4
To Tell The Truth - Se6 - Ep05 HD Watch [x8ie9ib]-00.33.28.383-00.33.31.716 11号嘉宾.mp4
To Tell The Truth - Se6 - Ep05 HD Watch [x8ie9ib]-00.33.48.576-00.33.53.775 12号嘉宾.mp4
To Tell The Truth - Se6 - Ep06 HD Watch [x8ie9hz]-00.02.39.307-00.02.41.343 1号嘉宾 （真）.mp4
To Tell The Truth - Se6 - Ep06 HD Watch [x8ie9hz]-00.02.55.574-00.02.56.753 2号嘉宾.mp4
To Tell The Truth - Se6 - Ep06 HD Watch [x8ie9hz]-00.02.59.768-00.03.01.030 3号嘉宾.mp4
To Tell The Truth - Se6 - Ep06 HD Watch [x8ie9hz]-00.10.48.402-00.10.52.752 6号嘉宾.mp4
To Tell The Truth - Se6 - Ep06 HD Watch [x8ie9hz]-00.11.06.178-00.11.07.530 5号嘉宾 （真）.mp4
To Tell The Truth - Se6 - Ep06 HD Watch [x8ie9hz]-00.11.18.881-00.11.21.419 4号嘉宾 （真）.mp4
To Tell The Truth - Se6 - Ep06 HD Watch [x8ie9hz]-00.24.41.005-00.24.43.035 8号嘉宾 （真）.mp4
To Tell The Truth - Se6 - Ep06 HD Watch [x8ie9hz]-00.24.58.990-00.25.00.623 7号嘉宾.mp4
To Tell The Truth - Se6 - Ep06 HD Watch [x8ie9hz]-00.25.06.791-00.25.11.593 9号嘉宾.mp4
To Tell The Truth - Se6 - Ep06 HD Watch [x8ie9hz]-00.32.55.565-00.32.58.311 10号嘉宾.mp4
To Tell The Truth - Se6 - Ep06 HD Watch [x8ie9hz]-00.33.21.519-00.33.25.055 12号嘉宾.mp4
To Tell The Truth - Se6 - Ep06 HD Watch [x8ie9hz]-00.33.49.569-00.33.52.176 11号嘉宾 （真）.mp4
To Tell The Truth - Se6 - Ep07 HD Watch [x8ie9jw]-00.03.13.432-00.03.18.704 1号嘉宾 （真）.mp4
To Tell The Truth - Se6 - Ep07 HD Watch [x8ie9jw]-00.03.35.973-00.03.40.910 2号嘉宾.mp4
To Tell The Truth - Se6 - Ep07 HD Watch [x8ie9jw]-00.05.17.782-00.05.20.687 3号嘉宾.mp4
To Tell The Truth - Se6 - Ep07 HD Watch [x8ie9jw]-00.10.45.395-00.10.47.666 6号嘉宾 （真）.mp4
To Tell The Truth - Se6 - Ep07 HD Watch [x8ie9jw]-00.11.18.382-00.11.21.948 4号嘉宾 （真）.mp4
To Tell The Truth - Se6 - Ep07 HD Watch [x8ie9jw]-00.11.27.745-00.11.30.662 5号嘉宾.mp4
To Tell The Truth - Se6 - Ep07 HD Watch [x8ie9jw]-00.25.17.652-00.25.20.241 7号嘉宾.mp4
To Tell The Truth - Se6 - Ep07 HD Watch [x8ie9jw]-00.25.22.385-00.25.26.011 8号嘉宾 （真）.mp4
To Tell The Truth - Se6 - Ep07 HD Watch [x8ie9jw]-00.25.29.958-00.25.31.400 9号嘉宾.mp4
To Tell The Truth - Se6 - Ep07 HD Watch [x8ie9jw]-00.32.58.620-00.33.03.550 10号嘉宾 （真）.mp4
To Tell The Truth - Se6 - Ep07 HD Watch [x8ie9jw]-00.33.07.401-00.33.09.776 11号嘉宾.mp4
To Tell The Truth - Se6 - Ep07 HD Watch [x8ie9jw]-00.33.18.411-00.33.22.962 12号嘉宾.mp4
To Tell The Truth - Se6 - Ep08 HD Watch [x8ie9ju]-00.02.49.321-00.02.53.960 1号嘉宾.mp4
To Tell The Truth - Se6 - Ep08 HD Watch [x8ie9ju]-00.03.11.539-00.03.18.473 2号嘉宾.mp4
To Tell The Truth - Se6 - Ep08 HD Watch [x8ie9ju]-00.04.10.316-00.04.14.701 3号嘉宾 （真）.mp4
To Tell The Truth - Se6 - Ep08 HD Watch [x8ie9ju]-00.11.58.307-00.12.01.184 4号嘉宾 （真）.mp4
To Tell The Truth - Se6 - Ep08 HD Watch [x8ie9ju]-00.12.13.943-00.12.21.673 5号嘉宾 （真）.mp4
To Tell The Truth - Se6 - Ep08 HD Watch [x8ie9ju]-00.12.38.389-00.12.40.761 6号嘉宾.mp4
To Tell The Truth - Se6 - Ep08 HD Watch [x8ie9ju]-00.26.32.787-00.26.34.735 8号嘉宾 （真）.mp4
To Tell The Truth - Se6 - Ep08 HD Watch [x8ie9ju]-00.26.37.609-00.26.40.750 7号嘉宾.mp4
To Tell The Truth - Se6 - Ep08 HD Watch [x8ie9ju]-00.26.59.668-00.27.02.217 9号嘉宾.mp4
To Tell The Truth - Se6 - Ep08 HD Watch [x8ie9ju]-00.33.16.383-00.33.18.356 11号嘉宾.mp4
To Tell The Truth - Se6 - Ep08 HD Watch [x8ie9ju]-00.33.39.077-00.33.40.857 12号嘉宾 （真）.mp4
To Tell The Truth - Se6 - Ep08 HD Watch [x8ie9ju]-00.33.44.137-00.33.47.585 10号嘉宾.mp4
To Tell The Truth - Se6 - Ep09 HD Watch [x8ie9jh]-00.02.40.725-00.02.42.619 1号嘉宾.mp4
To Tell The Truth - Se6 - Ep09 HD Watch [x8ie9jh]-00.02.59.631-00.03.08.071 2号嘉宾 （真）.mp4
To Tell The Truth - Se6 - Ep09 HD Watch [x8ie9jh]-00.03.50.903-00.03.55.541 3号嘉宾.mp4
To Tell The Truth - Se6 - Ep09 HD Watch [x8ie9jh]-00.10.37.026-00.10.39.344 5号嘉宾.mp4
To Tell The Truth - Se6 - Ep09 HD Watch [x8ie9jh]-00.11.06.935-00.11.13.198 6号嘉宾 （真）.mp4
To Tell The Truth - Se6 - Ep09 HD Watch [x8ie9jh]-00.11.13.876-00.11.16.096 4号嘉宾 （真）.mp4
To Tell The Truth - Se6 - Ep09 HD Watch [x8ie9jh]-00.25.08.842-00.25.14.650 7号嘉宾.mp4
To Tell The Truth - Se6 - Ep09 HD Watch [x8ie9jh]-00.25.14.650-00.25.17.799 8号嘉宾 （真）.mp4
To Tell The Truth - Se6 - Ep09 HD Watch [x8ie9jh]-00.25.25.577-00.25.27.461 9号嘉宾.mp4
To Tell The Truth - Se6 - Ep09 HD Watch [x8ie9jh]-00.33.39.724-00.33.41.285 10号嘉宾.mp4
To Tell The Truth - Se6 - Ep09 HD Watch [x8ie9jh]-00.34.10.893-00.34.12.058 12号嘉宾.mp4
To Tell The Truth - Se6 - Ep09 HD Watch [x8ie9jh]-00.34.33.885-00.34.35.271 11号嘉宾 （真）.mp4
To Tell The Truth - Se6 - Ep10 HD Watch [x8ie9io]-00.03.12.075-00.03.13.232 2号嘉宾 （真）.mp4
To Tell The Truth - Se6 - Ep10 HD Watch [x8ie9io]-00.03.17.060-00.03.18.342 3号嘉宾.mp4
To Tell The Truth - Se6 - Ep10 HD Watch [x8ie9io]-00.03.24.111-00.03.27.011 1号嘉宾.mp4
To Tell The Truth - Se6 - Ep10 HD Watch [x8ie9io]-00.11.20.282-00.11.21.729 6号嘉宾 （真）.mp4
To Tell The Truth - Se6 - Ep10 HD Watch [x8ie9io]-00.11.24.007-00.11.25.783 5号嘉宾.mp4
To Tell The Truth - Se6 - Ep10 HD Watch [x8ie9io]-00.11.30.157-00.11.31.604 4号嘉宾 （真）.mp4
To Tell The Truth - Se6 - Ep10 HD Watch [x8ie9io]-00.25.19.675-00.25.21.412 7号嘉宾 （真）.mp4
To Tell The Truth - Se6 - Ep10 HD Watch [x8ie9io]-00.25.22.725-00.25.25.424 8号嘉宾.mp4
To Tell The Truth - Se6 - Ep10 HD Watch [x8ie9io]-00.25.27.086-00.25.29.803 9号嘉宾.mp4
To Tell The Truth - Se6 - Ep10 HD Watch [x8ie9io]-00.34.37.277-00.34.39.314 10号嘉宾.mp4
To Tell The Truth - Se6 - Ep10 HD Watch [x8ie9io]-00.34.45.951-00.34.48.427 11号嘉宾.mp4
To Tell The Truth - Se6 - Ep10 HD Watch [x8ie9io]-00.35.13.550-00.35.15.069 12号嘉宾 （真）.mp4
To Tell The Truth - Se6 - Ep11 HD Watch [x8ie9ix]-00.03.23.555-00.03.25.448 2号嘉宾.mp4
To Tell The Truth - Se6 - Ep11 HD Watch [x8ie9ix]-00.03.51.744-00.03.55.014 3号嘉宾 （真）.mp4
To Tell The Truth - Se6 - Ep11 HD Watch [x8ie9ix]-00.04.39.141-00.04.42.705 1号嘉宾.mp4
To Tell The Truth - Se6 - Ep11 HD Watch [x8ie9ix]-00.11.19.131-00.11.23.553 4号嘉宾.mp4
To Tell The Truth - Se6 - Ep11 HD Watch [x8ie9ix]-00.11.57.347-00.11.58.538 5号嘉宾 （真）.mp4
To Tell The Truth - Se6 - Ep11 HD Watch [x8ie9ix]-00.12.12.472-00.12.14.495 6号嘉宾 （真）.mp4
To Tell The Truth - Se6 - Ep11 HD Watch [x8ie9ix]-00.24.32.353-00.24.33.476 7号嘉宾 （真）.mp4
To Tell The Truth - Se6 - Ep11 HD Watch [x8ie9ix]-00.24.34.812-00.24.35.860 2号嘉宾.mp4
To Tell The Truth - Se6 - Ep11 HD Watch [x8ie9ix]-00.24.36.444-00.24.37.849 3号嘉宾.mp4
To Tell The Truth - Se6 - Ep11 HD Watch [x8ie9ix]-00.33.43.710-00.33.44.768 11号嘉宾 （真）.mp4
To Tell The Truth - Se6 - Ep11 HD Watch [x8ie9ix]-00.34.02.176-00.34.04.215 10号嘉宾.mp4
To Tell The Truth - Se6 - Ep11 HD Watch [x8ie9ix]-00.34.32.438-00.34.36.419 12号嘉宾.mp4
To Tell The Truth - Se6 - Ep12 HD Watch [x8ie9in]-00.03.38.554-00.03.39.148 1号嘉宾.mp4
To Tell The Truth - Se6 - Ep12 HD Watch [x8ie9in]-00.03.42.155-00.03.44.149 2号嘉宾.mp4
To Tell The Truth - Se6 - Ep12 HD Watch [x8ie9in]-00.03.45.440-00.03.46.381 3号嘉宾 （真）.mp4
To Tell The Truth - Se6 - Ep12 HD Watch [x8ie9in]-00.11.29.370-00.11.32.243 4号嘉宾 （真）.mp4
To Tell The Truth - Se6 - Ep12 HD Watch [x8ie9in]-00.11.37.975-00.11.40.996 5号嘉宾 （真）.mp4
To Tell The Truth - Se6 - Ep12 HD Watch [x8ie9in]-00.11.53.261-00.11.57.007 6号嘉宾.mp4
To Tell The Truth - Se6 - Ep12 HD Watch [x8ie9in]-00.24.24.817-00.24.30.904 9号嘉宾 （真）.mp4
To Tell The Truth - Se6 - Ep12 HD Watch [x8ie9in]-00.24.34.720-00.24.37.900 8号嘉宾.mp4
To Tell The Truth - Se6 - Ep12 HD Watch [x8ie9in]-00.24.39.379-00.24.43.819 7号嘉宾.mp4
To Tell The Truth - Se6 - Ep12 HD Watch [x8ie9in]-00.33.38.360-00.33.40.658 11号嘉宾 （真）.mp4
To Tell The Truth - Se6 - Ep12 HD Watch [x8ie9in]-00.33.51.538-00.33.54.698 12号嘉宾.mp4
To Tell The Truth - Se6 - Ep12 HD Watch [x8ie9in]-00.34.12.238-00.34.12.794 10号嘉宾.mp4
To Tell The Truth - Se6 - Ep13 HD Watch [x8ig6gt]-00.03.23.962-00.03.24.925 1号嘉宾.mp4
To Tell The Truth - Se6 - Ep13 HD Watch [x8ig6gt]-00.03.26.523-00.03.27.772 2号嘉宾 （真）.mp4
To Tell The Truth - Se6 - Ep13 HD Watch [x8ig6gt]-00.03.57.508-00.03.58.663 3号嘉宾.mp4
To Tell The Truth - Se6 - Ep13 HD Watch [x8ig6gt]-00.10.56.100-00.10.57.105 5号嘉宾（真）.mp4
To Tell The Truth - Se6 - Ep13 HD Watch [x8ig6gt]-00.11.01.394-00.11.03.152 4号嘉宾 （真）.mp4
To Tell The Truth - Se6 - Ep13 HD Watch [x8ig6gt]-00.11.14.012-00.11.17.021 6号嘉宾.mp4
To Tell The Truth - Se6 - Ep13 HD Watch [x8ig6gt]-00.25.03.034-00.25.04.499 7号嘉宾 （真）.mp4
To Tell The Truth - Se6 - Ep13 HD Watch [x8ig6gt]-00.25.08.082-00.25.09.510 8号嘉宾.mp4
To Tell The Truth - Se6 - Ep13 HD Watch [x8ig6gt]-00.25.13.208-00.25.15.412 9号嘉宾.mp4
To Tell The Truth - Se6 - Ep13 HD Watch [x8ig6gt]-00.34.38.255-00.34.40.005 10号嘉宾.mp4
To Tell The Truth - Se6 - Ep13 HD Watch [x8ig6gt]-00.34.52.679-00.34.53.678 12号嘉宾.mp4
To Tell The Truth - Se6 - Ep13 HD Watch [x8ig6gt]-00.34.55.756-00.34.58.389 11号嘉宾 （真）.mp4
To Tell The Truth - Se6 - Ep15 HD Watch [x8ig6ge]-00.03.02.350-00.03.03.341 1号嘉宾.mp4
To Tell The Truth - Se6 - Ep15 HD Watch [x8ig6ge]-00.03.21.769-00.03.23.709 2号嘉宾 （真）.mp4
To Tell The Truth - Se6 - Ep15 HD Watch [x8ig6ge]-00.03.48.446-00.03.51.810 3号嘉宾.mp4
To Tell The Truth - Se6 - Ep15 HD Watch [x8ig6ge]-00.10.38.903-00.10.41.499 6号嘉宾 （真）.mp4
To Tell The Truth - Se6 - Ep15 HD Watch [x8ig6ge]-00.10.45.273-00.10.46.305 5号嘉宾.mp4
To Tell The Truth - Se6 - Ep15 HD Watch [x8ig6ge]-00.11.04.011-00.11.09.168 4号嘉宾 （真）.mp4
To Tell The Truth - Se6 - Ep15 HD Watch [x8ig6ge]-00.24.06.909-00.24.11.662 9号嘉宾 （真）.mp4
To Tell The Truth - Se6 - Ep15 HD Watch [x8ig6ge]-00.24.47.751-00.24.54.014 7号嘉宾.mp4
To Tell The Truth - Se6 - Ep15 HD Watch [x8ig6ge]-00.24.55.687-00.24.57.996 8号嘉宾.mp4
To Tell The Truth - Se6 - Ep15 HD Watch [x8ig6ge]-00.32.35.263-00.32.37.162 10号嘉宾.mp4
To Tell The Truth - Se6 - Ep15 HD Watch [x8ig6ge]-00.32.39.375-00.32.41.522 11号嘉宾.mp4
To Tell The Truth - Se6 - Ep15 HD Watch [x8ig6ge]-00.32.42.820-00.32.43.886 12号嘉宾 （真）.mp4
To Tell The Truth - Se6 - Ep16 HD Watch [x8ig6gm]-00.03.54.630-00.03.55.992 1号嘉宾.mp4
To Tell The Truth - Se6 - Ep16 HD Watch [x8ig6gm]-00.04.17.978-00.04.19.011 2号嘉宾 （真）.mp4
To Tell The Truth - Se6 - Ep16 HD Watch [x8ig6gm]-00.04.22.996-00.04.24.843 3号嘉宾.mp4
To Tell The Truth - Se6 - Ep16 HD Watch [x8ig6gm]-00.10.22.254-00.10.23.832 6号嘉宾.mp4
To Tell The Truth - Se6 - Ep16 HD Watch [x8ig6gm]-00.11.03.106-00.11.06.429 5号嘉宾.mp4
To Tell The Truth - Se6 - Ep16 HD Watch [x8ig6gm]-00.11.09.760-00.11.11.828 4号嘉宾 （真）.mp4
To Tell The Truth - Se6 - Ep16 HD Watch [x8ig6gm]-00.18.30.691-00.18.34.428 8号嘉宾.mp4
To Tell The Truth - Se6 - Ep16 HD Watch [x8ig6gm]-00.18.54.731-00.18.56.057 7号嘉宾 （真）.mp4
To Tell The Truth - Se6 - Ep16 HD Watch [x8ig6gm]-00.19.05.028-00.19.07.914 9号嘉宾 （真）.mp4
To Tell The Truth - Se6 - Ep16 HD Watch [x8ig6gm]-00.34.20.147-00.34.21.580 10号嘉宾.mp4
To Tell The Truth - Se6 - Ep16 HD Watch [x8ig6gm]-00.34.22.666-00.34.25.083 11号嘉宾.mp4
To Tell The Truth - Se6 - Ep16 HD Watch [x8ig6gm]-00.34.28.196-00.34.29.590 12号嘉宾 （真）.mp4
To Tell The Truth - Se6 - Ep17 HD Watch [x8ig6gj]-00.03.13.189-00.03.14.130 2号嘉宾.mp4
To Tell The Truth - Se6 - Ep17 HD Watch [x8ig6gj]-00.03.23.662-00.03.25.463 3号嘉宾 （真）.mp4
To Tell The Truth - Se6 - Ep17 HD Watch [x8ig6gj]-00.03.27.261-00.03.27.965 1号嘉宾.mp4
To Tell The Truth - Se6 - Ep17 HD Watch [x8ig6gj]-00.11.28.504-00.11.30.677 4号嘉宾.mp4
To Tell The Truth - Se6 - Ep17 HD Watch [x8ig6gj]-00.11.43.711-00.11.45.280 5号嘉宾 （真）.mp4
To Tell The Truth - Se6 - Ep17 HD Watch [x8ig6gj]-00.11.56.125-00.11.57.479 6号嘉宾.mp4
To Tell The Truth - Se6 - Ep17 HD Watch [x8ig6gj]-00.19.17.778-00.19.19.413 8号嘉宾 （真）.mp4
To Tell The Truth - Se6 - Ep17 HD Watch [x8ig6gj]-00.19.26.759-00.19.29.138 7号嘉宾 （真）.mp4
To Tell The Truth - Se6 - Ep17 HD Watch [x8ig6gj]-00.19.41.467-00.19.44.430 9号嘉宾.mp4
To Tell The Truth - Se6 - Ep17 HD Watch [x8ig6gj]-00.34.32.927-00.34.40.450 10号嘉宾.mp4
To Tell The Truth - Se6 - Ep17 HD Watch [x8ig6gj]-00.34.50.350-00.34.56.831 11号嘉宾 （真）.mp4
To Tell The Truth - Se6 - Ep17 HD Watch [x8ig6gj]-00.35.21.135-00.35.23.416 12号嘉宾.mp4
To Tell The Truth - Se6 - Ep18 HD Watch [x8ig6gd]-00.03.23.380-00.03.26.852 3号嘉宾.mp4
To Tell The Truth - Se6 - Ep18 HD Watch [x8ig6gd]-00.03.41.099-00.03.44.331 2号嘉宾 （真）.mp4
To Tell The Truth - Se6 - Ep18 HD Watch [x8ig6gd]-00.03.45.832-00.03.47.126 1号嘉宾.mp4
To Tell The Truth - Se6 - Ep18 HD Watch [x8ig6gd]-00.11.45.699-00.11.46.722 4号嘉宾.mp4
To Tell The Truth - Se6 - Ep18 HD Watch [x8ig6gd]-00.11.49.205-00.11.50.162 5号嘉宾 （真）.mp4
To Tell The Truth - Se6 - Ep18 HD Watch [x8ig6gd]-00.11.51.058-00.11.52.190 6号嘉宾.mp4
To Tell The Truth - Se6 - Ep18 HD Watch [x8ig6gd]-00.19.52.968-00.19.58.252 8号嘉宾 （真）.mp4
To Tell The Truth - Se6 - Ep18 HD Watch [x8ig6gd]-00.20.01.436-00.20.03.848 9号嘉宾 （真）.mp4
To Tell The Truth - Se6 - Ep18 HD Watch [x8ig6gd]-00.20.09.948-00.20.10.664 7号嘉宾.mp4
To Tell The Truth - Se6 - Ep18 HD Watch [x8ig6gd]-00.34.42.841-00.34.45.085 10号嘉宾 （真）.mp4
To Tell The Truth - Se6 - Ep18 HD Watch [x8ig6gd]-00.34.48.408-00.34.50.455 12号嘉宾.mp4
To Tell The Truth - Se6 - Ep18 HD Watch [x8ig6gd]-00.34.52.340-00.34.54.107 11号嘉宾.mp4
To Tell The Truth - Se6 - Ep19 HD Watch [x8ig6gn]-00.03.25.121-00.03.28.344 3号嘉宾.mp4
To Tell The Truth - Se - Ep - [x8zj0aw]-00.02.12.943-00.02.19.850-2号嘉宾.mp4
To Tell The Truth - Se - Ep - [x8zj0aw]-00.02.21.858-00.02.26.459-3号嘉宾.mp4
To Tell The Truth - Se - Ep - [x8zj0aw]-00.14.49.710-00.14.54.699-4号嘉宾.mp4
To Tell The Truth - Se - Ep - [x8zj0aw]-00.15.08.122-00.15.09.798-6号嘉宾.mp4
To Tell The Truth - Se6 - Ep19 HD Watch [x8ig6gn]-00.03.39.555-00.03.43.040 1号嘉宾 （真）.mp4
To Tell The Truth - Se6 - Ep19 HD Watch [x8ig6gn]-00.04.00.643-00.04.03.327 2号嘉宾.mp4
To Tell The Truth - Se6 - Ep19 HD Watch [x8ig6gn]-00.10.45.474-00.10.47.494 4号嘉宾.mp4
To Tell The Truth - Se6 - Ep19 HD Watch [x8ig6gn]-00.11.10.583-00.11.15.209 5号嘉宾.mp4
To Tell The Truth - Se6 - Ep19 HD Watch [x8ig6gn]-00.12.02.905-00.12.06.867 6号嘉宾 （真）.mp4
To Tell The Truth - Se6 - Ep19 HD Watch [x8ig6gn]-00.18.54.755-00.18.56.395 9号嘉宾 （真）.mp4
To Tell The Truth - Se6 - Ep19 HD Watch [x8ig6gn]-00.19.04.551-00.19.05.567 8号嘉宾 （真）.mp4
To Tell The Truth - Se6 - Ep19 HD Watch [x8ig6gn]-00.20.25.580-00.20.28.132 7号嘉宾.mp4
To Tell The Truth - Se6 - Ep19 HD Watch [x8ig6gn]-00.33.59.552-00.34.03.168 10号嘉宾.mp4
To Tell The Truth - Se6 - Ep19 HD Watch [x8ig6gn]-00.34.26.581-00.34.28.030 12号嘉宾.mp4
To Tell The Truth - Se6 - Ep19 HD Watch [x8ig6gn]-00.34.48.342-00.34.50.897 11号嘉宾 （真）.mp4
To Tell The Truth - Se6 - Ep20 HD Watch [x8ig6gh]-00.03.32.359-00.03.34.632 1号嘉宾.mp4
To Tell The Truth - Se6 - Ep20 HD Watch [x8ig6gh]-00.03.40.334-00.03.42.564 2号嘉宾 （真）.mp4
To Tell The Truth - Se6 - Ep20 HD Watch [x8ig6gh]-00.03.44.429-00.03.47.386 3号嘉宾.mp4
To Tell The Truth - Se6 - Ep20 HD Watch [x8ig6gh]-00.11.50.159-00.11.55.110 6号嘉宾 （真）.mp4
To Tell The Truth - Se6 - Ep20 HD Watch [x8ig6gh]-00.12.03.300-00.12.06.585 4号嘉宾.mp4
To Tell The Truth - Se6 - Ep20 HD Watch [x8ig6gh]-00.12.53.084-00.12.54.823 5号嘉宾.mp4
To Tell The Truth - Se6 - Ep20 HD Watch [x8ig6gh]-00.19.59.213-00.20.01.512 7号嘉宾 （真）.mp4
To Tell The Truth - Se6 - Ep20 HD Watch [x8ig6gh]-00.20.37.832-00.20.44.357 8号嘉宾.mp4
To Tell The Truth - Se6 - Ep20 HD Watch [x8ig6gh]-00.20.53.061-00.20.55.645 9号嘉宾 （真）.mp4
To Tell The Truth - Se6 - Ep20 HD Watch [x8ig6gh]-00.34.35.102-00.34.40.104 10号嘉宾 （真）.mp4
To Tell The Truth - Se6 - Ep20 HD Watch [x8ig6gh]-00.34.42.742-00.34.44.071 11号嘉宾.mp4
To Tell The Truth - Se6 - Ep20 HD Watch [x8ig6gh]-00.34.47.156-00.34.49.079 12号嘉宾.mp4
"To Tell The Truth - Se6 - Ep21 Cynthia Erivo, Gary Owen and Donald Faison HD Watch [x8ihaoe]-00.03.08.017-00.03.09.480 3号嘉宾.mp4"
"To Tell The Truth - Se6 - Ep21 Cynthia Erivo, Gary Owen and Donald Faison HD Watch [x8ihaoe]-00.03.18.554-00.03.20.263 1号嘉宾.mp4"
"To Tell The Truth - Se6 - Ep21 Cynthia Erivo, Gary Owen and Donald Faison HD Watch [x8ihaoe]-00.03.29.897-00.03.31.396 2号嘉宾 （真）.mp4"
"To Tell The Truth - Se6 - Ep21 Cynthia Erivo, Gary Owen and Donald Faison HD Watch [x8ihaoe]-00.11.54.669-00.12.00.266 5号嘉宾.mp4"
"To Tell The Truth - Se6 - Ep21 Cynthia Erivo, Gary Owen and Donald Faison HD Watch [x8ihaoe]-00.12.06.552-00.12.09.057 6号嘉宾 （真）.mp4"
"To Tell The Truth - Se6 - Ep21 Cynthia Erivo, Gary Owen and Donald Faison HD Watch [x8ihaoe]-00.12.12.618-00.12.15.560 4号嘉宾 （真）.mp4"
"To Tell The Truth - Se6 - Ep21 Cynthia Erivo, Gary Owen and Donald Faison HD Watch [x8ihaoe]-00.25.27.739-00.25.29.058 9号嘉宾.mp4"
"To Tell The Truth - Se6 - Ep21 Cynthia Erivo, Gary Owen and Donald Faison HD Watch [x8ihaoe]-00.25.35.598-00.25.38.174 7号嘉宾.mp4"
"To Tell The Truth - Se6 - Ep21 Cynthia Erivo, Gary Owen and Donald Faison HD Watch [x8ihaoe]-00.25.59.647-00.26.08.520 8号嘉宾 （真）.mp4"
"To Tell The Truth - Se6 - Ep21 Cynthia Erivo, Gary Owen and Donald Faison HD Watch [x8ihaoe]-00.34.42.630-00.34.44.955 11号嘉宾.mp4"
"To Tell The Truth - Se6 - Ep21 Cynthia Erivo, Gary Owen and Donald Faison HD Watch [x8ihaoe]-00.34.48.935-00.34.50.291 10号嘉宾.mp4"
"To Tell The Truth - Se6 - Ep21 Cynthia Erivo, Gary Owen and Donald Faison HD Watch [x8ihaoe]-00.34.53.358-00.34.58.748 12号嘉宾 （真）.mp4"
"To Tell The Truth - Se - Ep -Meshach Taylor,Paula Poundstone,Patrick Duffy,Eva LaRue[x8ypbxy]-00.02.35.552-00.02.37.192  1号嘉宾.mp4"
"To Tell The Truth - Se - Ep -Meshach Taylor,Paula Poundstone,Patrick Duffy,Eva LaRue[x8ypbxy]-00.02.46.958-00.02.50.039   2号嘉宾（真）.mp4"
"To Tell The Truth - Se - Ep -Meshach Taylor,Paula Poundstone,Patrick Duffy,Eva LaRue[x8ypbxy]-00.03.02.336-00.03.12.414  3号嘉宾.mp4"
"To Tell The Truth - Se - Ep -Meshach Taylor,Paula Poundstone,Patrick Duffy,Eva LaRue[x8ypbxy]-00.15.51.452-00.15.54.722  4号嘉宾.mp4"
"To Tell The Truth - Se - Ep -Meshach Taylor,Paula Poundstone,Patrick Duffy,Eva LaRue[x8ypbxy]-00.16.10.774-00.16.14.791  5号嘉宾.mp4"
"To Tell The Truth - Se - Ep -Meshach Taylor,Paula Poundstone,Patrick Duffy,Eva LaRue[x8ypbxy]-00.16.03.480-00.16.08.847  6号嘉宾（真）.mp4"
To Tell The Truth - Se6 - Ep22 HD Watch [x8ig6gl]-00.03.30.338-00.03.32.808 1号嘉宾.mp4
To Tell The Truth - Se6 - Ep22 HD Watch [x8ig6gl]-00.03.34.421-00.03.35.750 2号嘉宾 （真）.mp4
To Tell The Truth - Se6 - Ep22 HD Watch [x8ig6gl]-00.03.36.383-00.03.38.044 3号嘉宾.mp4
To Tell The Truth - Se6 - Ep22 HD Watch [x8ig6gl]-00.11.21.914-00.11.23.830 4号嘉宾 （真）.mp4
To Tell The Truth - Se6 - Ep22 HD Watch [x8ig6gl]-00.11.25.079-00.11.26.458 5号嘉宾.mp4
To Tell The Truth - Se6 - Ep22 HD Watch [x8ig6gl]-00.11.27.107-00.11.28.770 6号嘉宾 （真）.mp4
To Tell The Truth - Se6 - Ep22 HD Watch [x8ig6gl]-00.25.02.258-00.25.03.624 7号嘉宾.mp4
To Tell The Truth - Se6 - Ep22 HD Watch [x8ig6gl]-00.25.04.073-00.25.05.432 8号嘉宾.mp4
To Tell The Truth - Se6 - Ep22 HD Watch [x8ig6gl]-00.25.05.824-00.25.06.691 9号嘉宾 （真）.mp4
To Tell The Truth - Se6 - Ep22 HD Watch [x8ig6gl]-00.33.44.860-00.33.48.169 11号嘉宾 （真）.mp4
To Tell The Truth - Se6 - Ep22 HD Watch [x8ig6gl]-00.34.07.170-00.34.09.832 12号嘉宾.mp4
To Tell The Truth - Se6 - Ep22 HD Watch [x8ig6gl]-00.34.24.083-00.34.26.210 10号嘉宾.mp4
To Tell The Truth - Se6 - Ep23 HD Watch [x8ig6h1]-00.03.23.834-00.03.25.487 1号嘉宾.mp4
To Tell The Truth - Se6 - Ep23 HD Watch [x8ig6h1]-00.03.27.220-00.03.28.599 3号嘉宾.mp4
To Tell The Truth - Se6 - Ep23 HD Watch [x8ig6h1]-00.03.29.589-00.03.32.006 2号嘉宾（真）.mp4
To Tell The Truth - Se6 - Ep23 HD Watch [x8ig6h1]-00.11.51.570-00.11.53.186 4号嘉宾 （真）.mp4
To Tell The Truth - Se6 - Ep23 HD Watch [x8ig6h1]-00.11.57.863-00.12.00.734 6号嘉宾 （真）.mp4
To Tell The Truth - Se6 - Ep23 HD Watch [x8ig6h1]-00.12.03.520-00.12.05.079 5号嘉宾.mp4
To Tell The Truth - Se6 - Ep23 HD Watch [x8ig6h1]-00.24.57.262-00.25.01.167 7号嘉宾.mp4
To Tell The Truth - Se6 - Ep23 HD Watch [x8ig6h1]-00.25.30.076-00.25.31.453 9号嘉宾 （真）.mp4
To Tell The Truth - Se6 - Ep23 HD Watch [x8ig6h1]-00.26.10.644-00.26.13.278 8号嘉宾.mp4
To Tell The Truth - Se6 - Ep23 HD Watch [x8ig6h1]-00.33.40.887-00.33.42.502 11号嘉宾.mp4
To Tell The Truth - Se6 - Ep23 HD Watch [x8ig6h1]-00.34.02.152-00.34.03.582 12号嘉宾 （真）.mp4
To Tell The Truth - Se6 - Ep23 HD Watch [x8ig6h1]-00.34.19.199-00.34.21.116 10号嘉宾.mp4
To Tell The Truth - Se6 - Ep24 HD Watch [x8ig6h2]-00.03.15.483-00.03.17.615 3号嘉宾.mp4
To Tell The Truth - Se6 - Ep24 HD Watch [x8ig6h2]-00.03.43.179-00.03.45.184 2号嘉宾.mp4
To Tell The Truth - Se6 - Ep24 HD Watch [x8ig6h2]-00.04.31.893-00.04.34.566 1号嘉宾 （真）.mp4
To Tell The Truth - Se6 - Ep24 HD Watch [x8ig6h2]-00.11.08.821-00.11.12.478 6号嘉宾.mp4
To Tell The Truth - Se6 - Ep24 HD Watch [x8ig6h2]-00.11.27.276-00.11.28.988 5号嘉宾 （真）.mp4
To Tell The Truth - Se6 - Ep24 HD Watch [x8ig6h2]-00.11.50.227-00.11.53.604 4号嘉宾.mp4
To Tell The Truth - Se6 - Ep24 HD Watch [x8ig6h2]-00.19.09.152-00.19.11.058 8号嘉宾 （真）.mp4
To Tell The Truth - Se6 - Ep24 HD Watch [x8ig6h2]-00.19.41.267-00.19.43.812 9号嘉宾 （真）.mp4
To Tell The Truth - Se6 - Ep24 HD Watch [x8ig6h2]-00.19.48.340-00.19.51.515 7号嘉宾.mp4
To Tell The Truth - Se6 - Ep24 HD Watch [x8ig6h2]-00.33.56.197-00.33.57.312 12号嘉宾 （真）.mp4
To Tell The Truth - Se6 - Ep24 HD Watch [x8ig6h2]-00.33.59.365-00.34.03.220 11号嘉宾.mp4
To Tell The Truth - Se6 - Ep24 HD Watch [x8ig6h2]-00.34.05.253-00.34.06.646 10号嘉宾.mp4
To Tell The Truth - Se6 - Ep25 HD Watch [x8ig6gx]-00.03.02.249-00.03.03.391 1号嘉宾.mp4
To Tell The Truth - Se6 - Ep25 HD Watch [x8ig6gx]-00.03.20.781-00.03.22.335 3号嘉宾 （真）.mp4
To Tell The Truth - Se6 - Ep25 HD Watch [x8ig6gx]-00.03.41.084-00.03.43.503 2号嘉宾.mp4
To Tell The Truth - Se6 - Ep25 HD Watch [x8ig6gx]-00.10.42.087-00.10.43.569 4号嘉宾 （真）.mp4
To Tell The Truth - Se6 - Ep25 HD Watch [x8ig6gx]-00.10.54.504-00.10.56.305 5号嘉宾 （真）.mp4
To Tell The Truth - Se6 - Ep25 HD Watch [x8ig6gx]-00.11.55.055-00.11.55.673 6号嘉宾.mp4
To Tell The Truth - Se6 - Ep25 HD Watch [x8ig6gx]-00.24.15.482-00.24.17.646 7号嘉宾.mp4
To Tell The Truth - Se6 - Ep25 HD Watch [x8ig6gx]-00.24.19.561-00.24.22.549 8号嘉宾.mp4
To Tell The Truth - Se6 - Ep25 HD Watch [x8ig6gx]-00.24.25.575-00.24.27.321 9号嘉宾 （真）.mp4
To Tell The Truth - Se6 - Ep25 HD Watch [x8ig6gx]-00.33.30.980-00.33.32.361 10号嘉宾 （真）.mp4
To Tell The Truth - Se6 - Ep25 HD Watch [x8ig6gx]-00.33.34.209-00.33.35.275 11号嘉宾.mp4
To Tell The Truth - Se6 - Ep25 HD Watch [x8ig6gx]-00.33.37.694-00.33.40.735 12号嘉宾.mp4
To Tell The Truth - Se6 - Ep26 HD Watch [x8ihaoh]-00.03.21.937-00.03.25.060 1号嘉宾 (真).mp4
To Tell The Truth - Se6 - Ep26 HD Watch [x8ihaoh]-00.03.41.989-00.03.42.941 2号嘉宾.mp4
To Tell The Truth - Se6 - Ep26 HD Watch [x8ihaoh]-00.04.23.811-00.04.25.245 3号嘉宾.mp4
To Tell The Truth - Se6 - Ep26 HD Watch [x8ihaoh]-00.11.42.478-00.11.45.158 4号嘉宾.mp4
To Tell The Truth - Se6 - Ep26 HD Watch [x8ihaoh]-00.11.47.390-00.11.48.862 6号嘉宾 （真）.mp4
To Tell The Truth - Se6 - Ep26 HD Watch [x8ihaoh]-00.11.52.760-00.11.55.605 5号嘉宾.mp4
To Tell The Truth - Se6 - Ep26 HD Watch [x8ihaoh]-00.19.01.759-00.19.06.881 8号嘉宾.mp4
To Tell The Truth - Se6 - Ep26 HD Watch [x8ihaoh]-00.19.19.171-00.19.23.966 7号嘉宾 （真）.mp4
To Tell The Truth - Se6 - Ep26 HD Watch [x8ihaoh]-00.19.38.825-00.19.40.558 9号嘉宾 （真）.mp4
To Tell The Truth - Se6 - Ep26 HD Watch [x8ihaoh]-00.34.44.784-00.34.46.354 10号嘉宾.mp4
To Tell The Truth - Se6 - Ep26 HD Watch [x8ihaoh]-00.34.48.503-00.34.50.663 11号嘉宾 （真）.mp4
To Tell The Truth - Se6 - Ep26 HD Watch [x8ihaoh]-00.34.53.084-00.34.56.625 12号嘉宾.mp4
To Tell The Truth - Se6 - Ep27 HD Watch [x8ig6h3]-00.03.05.940-00.03.09.793 3号嘉宾 （真）.mp4
To Tell The Truth - Se6 - Ep27 HD Watch [x8ig6h3]-00.03.34.754-00.03.35.958 2号嘉宾.mp4
To Tell The Truth - Se6 - Ep27 HD Watch [x8ig6h3]-00.03.55.075-00.03.56.546 1号嘉宾.mp4
To Tell The Truth - Se6 - Ep27 HD Watch [x8ig6h3]-00.10.39.813-00.10.41.338 4号嘉宾.mp4
To Tell The Truth - Se6 - Ep27 HD Watch [x8ig6h3]-00.10.45.615-00.10.46.860 6号嘉宾.mp4
To Tell The Truth - Se6 - Ep27 HD Watch [x8ig6h3]-00.10.55.618-00.10.56.751 5号嘉宾 （真）.mp4
To Tell The Truth - Se6 - Ep27 HD Watch [x8ig6h3]-00.19.46.154-00.19.49.294 9号嘉宾 （真）.mp4
To Tell The Truth - Se6 - Ep27 HD Watch [x8ig6h3]-00.20.03.909-00.20.05.697 7号嘉宾 （真）.mp4
To Tell The Truth - Se6 - Ep27 HD Watch [x8ig6h3]-00.20.18.267-00.20.21.671 8号嘉宾.mp4
To Tell The Truth - Se6 - Ep27 HD Watch [x8ig6h3]-00.34.40.262-00.34.46.058 12号嘉宾 （真）.mp4
To Tell The Truth - Se6 - Ep27 HD Watch [x8ig6h3]-00.34.50.655-00.34.53.242 11号嘉宾.mp4
To Tell The Truth - Se6 - Ep27 HD Watch [x8ig6h3]-00.35.01.005-00.35.02.743 10号嘉宾.mp4
To Tell The Truth - Se6 - Ep28 HD Watch [x8ihao8]-00.03.18.217-00.03.19.709 3号嘉宾 （真）.mp4
To Tell The Truth - Se6 - Ep28 HD Watch [x8ihao8]-00.04.01.460-00.04.03.838 1号嘉宾.mp4
To Tell The Truth - Se6 - Ep28 HD Watch [x8ihao8]-00.04.18.684-00.04.20.372 2号嘉宾.mp4
To Tell The Truth - Se6 - Ep28 HD Watch [x8ihao8]-00.10.57.923-00.10.59.787 6号嘉宾 （真）.mp4
To Tell The Truth - Se6 - Ep28 HD Watch [x8ihao8]-00.11.02.595-00.11.03.999 5号嘉宾.mp4
To Tell The Truth - Se6 - Ep28 HD Watch [x8ihao8]-00.11.05.392-00.11.06.949 4号嘉宾.mp4
To Tell The Truth - Se6 - Ep28 HD Watch [x8ihao8]-00.18.43.576-00.18.47.208 8号嘉宾 （真）.mp4
To Tell The Truth - Se6 - Ep28 HD Watch [x8ihao8]-00.18.52.366-00.18.53.484 9号嘉宾.mp4
To Tell The Truth - Se6 - Ep28 HD Watch [x8ihao8]-00.19.05.737-00.19.07.293 7号嘉宾 （真）.mp4
To Tell The Truth - Se6 - Ep28 HD Watch [x8ihao8]-00.33.50.999-00.33.52.750 12号嘉宾.mp4
To Tell The Truth - Se6 - Ep28 HD Watch [x8ihao8]-00.33.53.788-00.33.54.808 11号嘉宾 （真）.mp4
To Tell The Truth - Se6 - Ep28 HD Watch [x8ihao8]-00.33.55.994-00.33.56.934 10号嘉宾.mp4
To Tell The Truth - Se - Ep -NPMJ-00.02.41.748-00.02.45.072 1号嘉宾.mp4
To Tell The Truth - Se - Ep --NPMJ-00.03.27.621-00.03.38.263 2号嘉宾.mp4
To Tell The Truth - Se - Ep --NPMJ-00.03.07.069-00.03.17.485 3号嘉宾（真）.mp4
To Tell The Truth - Se - Ep --NPMJ-00.11.44.653-00.11.48.402 4号嘉宾.mp4
To Tell The Truth - Se - Ep --NPMJ-00.11.05.371-00.11.17.241 5号嘉宾.mp4
To Tell The Truth - Se - Ep --NPMJ-00.11.28.914-00.11.34.774  6号嘉宾（真）.mp4
To Tell The Truth - Se2 - Ep01 -  HD Watch [x8iae3a]-00.32.56.924-00.32.57.843  11号嘉宾.mp4
To Tell The Truth - Se2 - Ep01 - HD Watch [x8iae3a]-00.04.30.437-00.04.30.537   1号嘉宾（真）.mp4
To Tell The Truth - Se2 - Ep01 - HD Watch [x8iae3a]-00.05.09.517-00.05.11.178   3号嘉宾.mp4
To Tell The Truth - Se2 - Ep01 - HD Watch [x8iae3a]-00.05.31.062-00.05.32.766-seg2 2号嘉宾.mp4
To Tell The Truth - Se2 - Ep01 - HD Watch [x8iae3a]-00.12.09.987-00.12.10.513   6号嘉宾（真）.mp4
To Tell The Truth - Se2 - Ep01 - HD Watch [x8iae3a]-00.12.47.036-00.12.47.664   5号嘉宾（真）.mp4
To Tell The Truth - Se2 - Ep01 - HD Watch [x8iae3a]-00.12.55.054-00.12.58.153  4号嘉宾.mp4
To Tell The Truth - Se2 - Ep01 - HD Watch [x8iae3a]-00.24.17.863-00.24.19.525--7号嘉宾（真）.mp4
To Tell The Truth - Se2 - Ep01 - HD Watch [x8iae3a]-00.24.40.626-00.24.41.747   8号嘉宾.mp4
To Tell The Truth - Se2 - Ep01 - HD Watch [x8iae3a]-00.24.55.990-00.24.56.697   9号嘉宾.mp4
To Tell The Truth - Se2 - Ep01 - HD Watch [x8iae3a]-00.32.26.259-00.32.29.304  10号嘉宾（真）.mp4
To Tell The Truth - Se2 - Ep01 - HD Watch [x8iae3a]-00.33.35.305-00.33.36.463   12号嘉宾.mp4
To Tell The Truth - Se2 - Ep03 -  HD Watch [x8i93er]-00.03.39.356-00.03.40.087   2号嘉宾.mp4
To Tell The Truth - Se2 - Ep03 -  HD Watch [x8i93er]-00.03.43.342-00.03.44.825   1号嘉宾（真）.mp4
To Tell The Truth - Se2 - Ep03 - HD Watch [x8i93er]-00.12.24.919-00.12.25.937  4号（真）.mp4
To Tell The Truth - Se2 - Ep03 - HD Watch [x8i93er]-00.12.42.895-00.12.43.062  5号.mp4
To Tell The Truth - Se2 - Ep03 - HD Watch [x8i93er]-00.13.00.822-00.13.01.142  6号（真）.mp4
To Tell The Truth - Se2 - Ep03 - HD Watch [x8i93er]-00.25.53.134-00.25.53.393  7号（真）.mp4
To Tell The Truth - Se2 - Ep03 - HD Watch [x8i93er]-00.26.26.242-00.26.27.200  8号.mp4
To Tell The Truth - Se2 - Ep03 - HD Watch [x8i93er]-00.26.31.726-00.26.32.283  9号.mp4
To Tell The Truth - Se2 - Ep03 - HD Watch [x8i93er]-00.33.29.430-00.33.30.009  10号.mp4
To Tell The Truth - Se2 - Ep03 - HD Watch [x8i93er]-00.33.54.216-00.33.54.778  12号.mp4
To Tell The Truth - Se2 - Ep03 - HD Watch [x8i93er]-00.35.11.563-00.35.12.362  11号（真）.mp4
To Tell The Truth - Se2 - Ep03 -HD Watch [x8i93er]-00.03.54.505-00.03.55.502    3号嘉宾.mp4
To Tell The Truth - Se2 - Ep05 -  HD Watch [x8iae4i]-00.11.51.590-00.11.54.146 5号.mp4
To Tell The Truth - Se2 - Ep05 -  HD Watch [x8iae4i]-00.33.03.478-00.33.04.668  10号（真）.mp4
To Tell The Truth - Se2 - Ep05 - HD Watch [x8iae4i]-00.03.39.867-00.03.40.573 1号（真）.mp4
To Tell The Truth - Se2 - Ep05 - HD Watch [x8iae4i]-00.04.15.818-00.04.16.653  3号.mp4
To Tell The Truth - Se2 - Ep05 - HD Watch [x8iae4i]-00.05.43.268-00.05.44.537 2号.mp4
To Tell The Truth - Se2 - Ep05 - HD Watch [x8iae4i]-00.12.12.364-00.12.13.166  4号.mp4
To Tell The Truth - Se2 - Ep05 - HD Watch [x8iae4i]-00.14.03.252-00.14.04.305 6号（真）.mp4
To Tell The Truth - Se2 - Ep05 - HD Watch [x8iae4i]-00.19.33.429-00.19.34.052 7号.mp4
To Tell The Truth - Se2 - Ep05 - HD Watch [x8iae4i]-00.21.12.847-00.21.13.672 8号（真）.mp4
To Tell The Truth - Se2 - Ep05 - HD Watch [x8iae4i]-00.33.24.717-00.33.25.374 12号.mp4
To Tell The Truth - Se2 - Ep05 - HD Watch [x8iae4i]-00.33.40.009-00.33.41.111 11号.mp4
To Tell The Truth - Se2 -HD Watch [x8iae4i]-00.19.25.242-00.19.26.975 9号（真）.mp4
To Tell The Truth - Se2 - Ep06 -  HD Watch [x8iae3b]-00.26.14.029-00.26.14.499 10号.mp4
To Tell The Truth - Se2 - Ep06 - HD Watch [x8iae3b]-00.03.06.688-00.03.07.115 1号.mp4
To Tell The Truth - Se2 - Ep06 - HD Watch [x8iae3b]-00.04.31.564-00.04.32.431 3号（真）.mp4
To Tell The Truth - Se2 - Ep06 - HD Watch [x8iae3b]-00.04.49.064-00.04.50.137 2号.mp4
To Tell The Truth - Se2 - Ep06 - HD Watch [x8iae3b]-00.11.19.466-00.11.20.182 4号.mp4
To Tell The Truth - Se2 - Ep06 - HD Watch [x8iae3b]-00.11.48.969-00.11.50.016 5号（真）.mp4
To Tell The Truth - Se2 - Ep06 - HD Watch [x8iae3b]-00.12.42.945-00.12.43.514 6号.mp4
To Tell The Truth - Se2 - Ep06 - HD Watch [x8iae3b]-00.18.07.428-00.18.08.157 8号.mp4
To Tell The Truth - Se2 - Ep06 - HD Watch [x8iae3b]-00.19.25.606-00.19.26.100 7号（真）.mp4
To Tell The Truth - Se2 - Ep06 - HD Watch [x8iae3b]-00.25.35.343-00.25.36.213  11号.mp4
To Tell The Truth - Se2 - Ep06 - HD Watch [x8iae3b]-00.26.26.736-00.26.27.521 9号（真）.mp4
To Tell The Truth - Se2 - Ep06 - HD Watch [x8iae3b]-00.33.38.239-00.33.39.600 13号（真）.mp4
To Tell The Truth - Se2 - Ep06 - HD Watch [x8iae3b]-00.34.20.698-00.34.21.579 14号.mp4
To Tell The Truth - Se2 - Ep06 - HD Watch [x8iae3b]-00.34.59.984-00.35.02.438 12号.mp4
To Tell The Truth - Se2 - Ep07 -  HD Watch [x8iae3k]-00.11.12.712-00.11.13.001 4号.mp4
To Tell The Truth - Se2 - Ep07 -  HD Watch [x8iae3k]-00.19.37.584-00.19.38.927 9号（真）.mp4
To Tell The Truth - Se2 - Ep07 -  HD Watch [x8iae3k]-00.32.15.051-00.32.15.501 11号.mp4
To Tell The Truth - Se2 - Ep07 -  HD Watch [x8iae3k]-00.32.44.232-00.32.44.684 10号.mp4
To Tell The Truth - Se2 - Ep07 - HD Watch [x8iae3k]-00.03.57.720-00.03.57.917 1号（真）.mp4
To Tell The Truth - Se2 - Ep07 - HD Watch [x8iae3k]-00.04.33.015-00.04.33.832 3号.mp4
To Tell The Truth - Se2 - Ep07 - HD Watch [x8iae3k]-00.04.37.091-00.04.37.779 2号.mp4
To Tell The Truth - Se2 - Ep07 - HD Watch [x8iae3k]-00.11.37.852-00.11.38.332  5号（真）.mp4
To Tell The Truth - Se2 - Ep07 - HD Watch [x8iae3k]-00.11.51.929-00.11.52.504 6号.mp4
To Tell The Truth - Se2 - Ep07 - HD Watch [x8iae3k]-00.19.19.495-00.19.19.958 7号（真）.mp4
To Tell The Truth - Se2 - Ep07 - HD Watch [x8iae3k]-00.20.58.611-00.20.58.862 8号.mp4
To Tell The Truth - Se2 - Ep07 - HD Watch [x8iae3k]-00.32.23.019-00.32.23.521 12号（真）.mp4
To Tell The Truth - Se2 - Ep08 -  HD Watch [x8iae43]-00.03.48.999-00.03.49.179 1号.mp4
To Tell The Truth - Se2 - Ep08 -  HD Watch [x8iae43]-00.04.00.548-00.04.00.764 2号（真）.mp4
To Tell The Truth - Se2 - Ep08 -  HD Watch [x8iae43]-00.10.57.140-00.10.57.423 4号.mp4
To Tell The Truth - Se2 - Ep08 -  HD Watch [x8iae43]-00.11.33.398-00.11.33.616 6号（真）.mp4
To Tell The Truth - Se2 - Ep08 -  HD Watch [x8iae43]-00.12.06.153-00.12.06.466 5号.mp4
To Tell The Truth - Se2 - Ep08 -  HD Watch [x8iae43]-00.18.18.376-00.18.18.793 8号（真）.mp4
To Tell The Truth - Se2 - Ep08 -  HD Watch [x8iae43]-00.20.00.851-00.20.01.080 9号（真）.mp4
To Tell The Truth - Se2 - Ep08 -  HD Watch [x8iae43]-00.34.00.174-00.34.00.380 11号.mp4
To Tell The Truth - Se2 - Ep08 -  HD Watch [x8iae43]-00.34.12.117-00.34.13.163 10号（真）.mp4
To Tell The Truth - Se2 - Ep08 -  HD Watch [x8iae43]-00.40.01.567-00.40.02.010 12号.mp4
To Tell The Truth - Se2 - Ep08 - HD Watch [x8iae43]-00.04.27.578-00.04.27.812 3号.mp4
To Tell The Truth - Se2 - Ep08 - HD Watch [x8iae43]-00.19.15.694-00.19.15.900  7号.mp4
To Tell The Truth - Se2 - Ep09 -  HD Watch [x8iae3s]-00.03.06.327-00.03.06.546 3号.mp4
To Tell The Truth - Se2 - Ep09 -  HD Watch [x8iae3s]-00.03.30.792-00.03.31.006 1号.mp4
To Tell The Truth - Se2 - Ep09 -  HD Watch [x8iae3s]-00.11.16.640-00.11.17.167 4号（真）.mp4
To Tell The Truth - Se2 - Ep09 -  HD Watch [x8iae3s]-00.18.56.114-00.18.57.185 9号.mp4
To Tell The Truth - Se2 - Ep09 -  HD Watch [x8iae3s]-00.32.33.965-00.32.34.271 11号.mp4
To Tell The Truth - Se2 - Ep09 - HD Watch [x8iae3s]-00.02.55.418-00.02.55.723 2号（真）.mp4
To Tell The Truth - Se2 - Ep09 - HD Watch [x8iae3s]-00.11.10.572-00.11.11.114 5号.mp4
To Tell The Truth - Se2 - Ep09 - HD Watch [x8iae3s]-00.12.50.935-00.12.51.459 6号.mp4
To Tell The Truth - Se2 - Ep09 - HD Watch [x8iae3s]-00.18.11.346-00.18.12.144  7号（真）.mp4
To Tell The Truth - Se2 - Ep09 - HD Watch [x8iae3s]-00.18.51.323-00.18.52.200 8号（真）.mp4
To Tell The Truth - Se2 - Ep09 - HD Watch [x8iae3s]-00.31.44.083-00.31.44.688 10号（真）.mp4
To Tell The Truth - Se2 - Ep09 - HD Watch [x8iae3s]-00.32.20.151-00.32.20.816 12号.mp4
To Tell The Truth - Se2 - Ep10 -  HD Watch [x8iae42]-00.27.25.867-00.27.26.360 12号（真）.mp4
To Tell The Truth - Se2 - Ep10 - HD Watch [x8iae42]-00.04.00.812-00.04.01.264 2号.mp4
To Tell The Truth - Se2 - Ep10 - HD Watch [x8iae42]-00.05.34.393-00.05.34.685  3号.mp4
To Tell The Truth - Se2 - Ep10 - HD Watch [x8iae42]-00.12.03.306-00.12.03.784 5号（真）.mp4
To Tell The Truth - Se2 - Ep10 - HD Watch [x8iae42]-00.12.16.041-00.12.16.449 6号.mp4
To Tell The Truth - Se2 - Ep10 - HD Watch [x8iae42]-00.12.37.442-00.12.37.916 4号.mp4
To Tell The Truth - Se2 - Ep10 - HD Watch [x8iae42]-00.18.52.320-00.18.52.808 7号.mp4
To Tell The Truth - Se2 - Ep10 - HD Watch [x8iae42]-00.19.10.307-00.19.10.702 8号（真）.mp4
To Tell The Truth - Se2 - Ep10 - HD Watch [x8iae42]-00.20.31.644-00.20.32.254 9号.mp4
To Tell The Truth - Se2 - Ep10 - HD Watch [x8iae42]-00.26.59.245-00.26.59.913 10号（真）.mp4
To Tell The Truth - Se2 - Ep10 - HD Watch [x8iae42]-00.27.22.796-00.27.23.194 11号.mp4
To Tell The Truth - Se2 - Ep10 -HD Watch [x8iae42]-00.03.56.792-00.03.57.017 1号（真）.mp4
To Tell The Truth - Se2 - Ep11 -  HD Watch [x8iae4o]-00.03.25.794-00.03.26.736 1号（真）.mp4
To Tell The Truth - Se2 - Ep11 -  HD Watch [x8iae4o]-00.25.53.090-00.25.53.953 10号.mp4
To Tell The Truth - Se2 - Ep11 -  HD Watch [x8iae4o]-00.26.14.488-00.26.15.252  11号（真）.mp4
To Tell The Truth - Se2 - Ep11 - HD Watch [x8iae4o]-00.03.48.611-00.03.50.052 2号.mp4
To Tell The Truth - Se2 - Ep11 - HD Watch [x8iae4o]-00.04.50.675-00.04.51.090 3号.mp4
To Tell The Truth - Se2 - Ep11 - HD Watch [x8iae4o]-00.11.28.303-00.11.29.489 4号.mp4
To Tell The Truth - Se2 - Ep11 - HD Watch [x8iae4o]-00.11.43.255-00.11.43.811 6号（真）.mp4
To Tell The Truth - Se2 - Ep11 - HD Watch [x8iae4o]-00.12.31.556-00.12.31.918 5号.mp4
To Tell The Truth - Se2 - Ep11 - HD Watch [x8iae4o]-00.18.44.065-00.18.45.150 9号（真）.mp4
To Tell The Truth - Se2 - Ep11 - HD Watch [x8iae4o]-00.18.55.932-00.18.56.562 7号.mp4
To Tell The Truth - Se2 - Ep11 - HD Watch [x8iae4o]-00.19.23.755-00.19.24.483 8号.mp4
To Tell The Truth - Se2 - Ep11 - HD Watch [x8iae4o]-00.26.36.713-00.26.36.862  12号（真）.mp4
To Tell The Truth - Se - Ep1 -NPMJ-00.04.36.072-00.04.44.838 1号嘉宾.mp4
To Tell The Truth - Se - Ep1 -NPMJ-00.04.52.346-00.04.56.661 2号嘉宾（真）.mp4
To Tell The Truth - Se - Ep1 -NPMJ-00.05.03.567-00.05.06.233 3号嘉宾.mp4
To Tell The Truth - Se - Ep1 -NPMJ-00.16.44.045-00.16.48.603 4号嘉宾（真）.mp4
To Tell The Truth - Se - Ep1 -NPMJ-00.15.41.730-00.15.44.703 5号嘉宾.mp4
To Tell The Truth - Se - Ep1 -NPMJ-00.16.39.512-00.16.41.611 6号嘉宾.mp4
To Tell The Truth - Se3 - Ep01 -  HD Watch [x8iae3r]-00.11.49.422-00.11.49.927 4号.mp4
To Tell The Truth - Se3 - Ep01 -  HD Watch [x8iae3r]-00.12.53.273-00.12.53.771 5号.mp4
To Tell The Truth - Se3 - Ep01 - HD Watch [x8iae3r]-00.04.22.536-00.04.23.212 3号（真）.mp4
To Tell The Truth - Se3 - Ep01 - HD Watch [x8iae3r]-00.04.48.651-00.04.49.216 2号.mp4
To Tell The Truth - Se3 - Ep01 - HD Watch [x8iae3r]-00.05.05.740-00.05.06.195 1号.mp4
To Tell The Truth - Se3 - Ep01 - HD Watch [x8iae3r]-00.11.18.819-00.11.19.186 6号（真）.mp4
To Tell The Truth - Se3 - Ep01 - HD Watch [x8iae3r]-00.21.52.671-00.21.53.328 9号（真）.mp4
To Tell The Truth - Se3 - Ep01 - HD Watch [x8iae3r]-00.22.13.768-00.22.14.427 7号.mp4
To Tell The Truth - Se3 - Ep01 - HD Watch [x8iae3r]-00.33.02.710-00.33.03.351 11号.mp4
To Tell The Truth - Se3 - Ep01 - HD Watch [x8iae3r]-00.34.59.870-00.35.00.738-seg2 12号.mp4
To Tell The Truth - Se3 - Ep01 - s HD Watch [x8iae3r]-00.21.37.966-00.21.39.240 8号（真）.mp4
To Tell The Truth - Se3 - Ep01 - s HD Watch [x8iae3r]-00.33.20.596-00.33.20.808 10号（真）.mp4
To Tell The Truth - Se3 - Ep02 -  HD Watch [x8iae3x]-00.05.15.884-00.05.16.510 1号.mp4
To Tell The Truth - Se3 - Ep02 -  HD Watch [x8iae3x]-00.19.57.699-00.19.58.399 9号（真）.mp4
To Tell The Truth - Se3 - Ep02 -  HD Watch [x8iae3x]-00.20.08.758-00.20.09.543 8号.mp4
To Tell The Truth - Se3 - Ep02 -  HD Watch [x8iae3x]-00.34.50.811-00.34.51.498  10号（真）.mp4
To Tell The Truth - Se3 - Ep02 - HD Watch [x8iae3x]-00.04.21.202-00.04.21.777 2号.mp4
To Tell The Truth - Se3 - Ep02 - HD Watch [x8iae3x]-00.04.51.588-00.04.52.025 3号（真）.mp4
To Tell The Truth - Se3 - Ep02 - HD Watch [x8iae3x]-00.12.51.731-00.12.52.171 4号.mp4
To Tell The Truth - Se3 - Ep02 - HD Watch [x8iae3x]-00.19.34.242-00.19.35.162 7号（真）.mp4
To Tell The Truth - Se3 - Ep02 - HD Watch [x8iae3x]-00.34.03.993-00.34.04.994 12号.mp4
To Tell The Truth - Se3 - Ep02 - HD Watch [x8iae3x]-00.35.42.733-00.35.43.088 11号.mp4
To Tell The Truth - Se3 - Ep02 - o HD Watch [x8iae3x]-00.11.36.433-00.11.38.233 6号.mp4
To Tell The Truth - Se3 - Ep02 - o HD Watch [x8iae3x]-00.12.15.788-00.12.16.524-seg2 5号（真）.mp4
To Tell The Truth - Se3 - Ep03 -  HD Watch [x8ibi4v]-00.04.12.517-00.04.12.840 2号.mp4
To Tell The Truth - Se3 - Ep03 -  HD Watch [x8ibi4v]-00.04.16.045-00.04.16.784 1号（真）.mp4
To Tell The Truth - Se3 - Ep03 -  HD Watch [x8ibi4v]-00.04.39.752-00.04.40.481 3号.mp4
To Tell The Truth - Se3 - Ep03 -  HD Watch [x8ibi4v]-00.12.15.272-00.12.16.119  5号（真）.mp4
To Tell The Truth - Se3 - Ep03 -  HD Watch [x8ibi4v]-00.13.51.970-00.13.52.586  6号.mp4
To Tell The Truth - Se3 - Ep03 -  HD Watch [x8ibi4v]-00.20.57.411-00.20.58.078 8号（真）.mp4
To Tell The Truth - Se3 - Ep03 -  HD Watch [x8ibi4v]-00.21.15.927-00.21.16.600 9号（真）.mp4
To Tell The Truth - Se3 - Ep03 -  HD Watch [x8ibi4v]-00.21.27.329-00.21.27.589 7号.mp4
To Tell The Truth - Se3 - Ep03 -  HD Watch [x8ibi4v]-00.34.10.155-00.34.10.814 10号（真）.mp4
To Tell The Truth - Se3 - Ep03 -  HD Watch [x8ibi4v]-00.34.21.284-00.34.21.819 10号.mp4
To Tell The Truth - Se3 - Ep03 -  HD Watch [x8ibi4v]-00.34.39.339-00.34.39.726 12号.mp4
To Tell The Truth - Se3 - Ep03 - HD Watch [x8ibi4v]-00.12.42.427-00.12.43.246 4号.mp4
To Tell The Truth - Se3 - Ep04 -  HD Watch [x8iae4v]-00.03.12.658-00.03.13.026  3号.mp4
To Tell The Truth - Se3 - Ep04 -  HD Watch [x8iae4v]-00.03.42.548-00.03.43.187 1号（真）.mp4
To Tell The Truth - Se3 - Ep04 -  HD Watch [x8iae4v]-00.04.03.724-00.04.04.353  2号.mp4
To Tell The Truth - Se3 - Ep04 -  HD Watch [x8iae4v]-00.14.01.714-00.14.02.476 5号（真）.mp4
To Tell The Truth - Se3 - Ep04 -  HD Watch [x8iae4v]-00.14.22.262-00.14.23.230 6号（真）.mp4
To Tell The Truth - Se3 - Ep04 -  HD Watch [x8iae4v]-00.15.44.074-00.15.44.545 4号.mp4
To Tell The Truth - Se3 - Ep04 -  HD Watch [x8iae4v]-00.27.01.722-00.27.01.955 8号（真）.mp4
To Tell The Truth - Se3 - Ep04 -  HD Watch [x8iae4v]-00.27.20.057-00.27.20.389 9号.mp4
To Tell The Truth - Se3 - Ep04 -  HD Watch [x8iae4v]-00.34.51.114-00.34.51.522 10号.mp4
To Tell The Truth - Se3 - Ep04 -  HD Watch [x8iae4v]-00.35.05.258-00.35.06.127  11号.mp4
To Tell The Truth - Se3 - Ep04 -  HD Watch [x8iae4v]-00.35.45.160-00.35.45.956  12号（真）.mp4
To Tell The Truth - Se3 - Ep04 - HD Watch [x8iae4v]-00.26.48.359-00.26.48.994 7号.mp4
To Tell The Truth - Se3 - Ep05 -  HD Watch [x8iae4s]-00.35.57.327-00.35.57.938 10号（真）.mp4
To Tell The Truth - Se3 - Ep05 - HD Watch [x8iae4s]-00.03.36.947-00.03.37.134 1号（真）.mp4
To Tell The Truth - Se3 - Ep05 - HD Watch [x8iae4s]-00.04.00.685-00.04.01.344 2号.mp4
To Tell The Truth - Se3 - Ep05 - HD Watch [x8iae4s]-00.05.49.402-00.05.49.916 3号.mp4
To Tell The Truth - Se3 - Ep05 - HD Watch [x8iae4s]-00.11.28.157-00.11.28.710 5号.mp4
To Tell The Truth - Se3 - Ep05 - HD Watch [x8iae4s]-00.12.01.947-00.12.02.523 6号（真）.mp4
To Tell The Truth - Se3 - Ep05 - HD Watch [x8iae4s]-00.14.16.770-00.14.17.804 4 号.mp4
To Tell The Truth - Se3 - Ep05 - HD Watch [x8iae4s]-00.20.40.814-00.20.41.522 9号（真）.mp4
To Tell The Truth - Se3 - Ep05 - HD Watch [x8iae4s]-00.20.52.593-00.20.53.497 8号.mp4
To Tell The Truth - Se3 - Ep05 - HD Watch [x8iae4s]-00.21.10.709-00.21.11.799 7号（真）.mp4
To Tell The Truth - Se3 - Ep05 - HD Watch [x8iae4s]-00.33.44.569-00.33.45.220  11号.mp4
To Tell The Truth - Se3 - Ep05 - HD Watch [x8iae4s]-00.36.17.959-00.36.18.424 12号.mp4
To Tell The Truth - Se3 - Ep06 -  HD Watch [x8iae4z]-00.04.06.863-00.04.07.681 2号（真）.mp4
To Tell The Truth - Se3 - Ep06 -  HD Watch [x8iae4z]-00.11.43.711-00.11.43.918 5号.mp4
To Tell The Truth - Se3 - Ep06 -  HD Watch [x8iae4z]-00.12.08.489-00.12.09.622 4号（真）.mp4
To Tell The Truth - Se3 - Ep06 - HD Watch [x8iae4z]-00.03.19.406-00.03.19.969 3号.mp4
To Tell The Truth - Se3 - Ep06 - HD Watch [x8iae4z]-00.05.37.102-00.05.37.668 1号.mp4
To Tell The Truth - Se3 - Ep06 - HD Watch [x8iae4z]-00.12.55.802-00.12.57.016 6号.mp4
To Tell The Truth - Se3 - Ep06 - HD Watch [x8iae4z]-00.21.36.540-00.21.36.936 8号.mp4
To Tell The Truth - Se3 - Ep06 - HD Watch [x8iae4z]-00.21.50.995-00.21.51.926  7号（真）.mp4
To Tell The Truth - Se3 - Ep06 - HD Watch [x8iae4z]-00.22.29.814-00.22.30.559 9号（真）.mp4
To Tell The Truth - Se3 - Ep06 - HD Watch [x8iae4z]-00.34.52.906-00.34.53.335 12号.mp4
To Tell The Truth - Se3 - Ep06 - HD Watch [x8iae4z]-00.34.55.894-00.34.56.894 10号（真）.mp4
To Tell The Truth - Se3 - Ep06 - HD Watch [x8iae4z]-00.35.40.583-00.35.41.482 11号.mp4
To Tell The Truth - Se3 - Ep07 -  HD Watch [x8ibi38]-00.03.36.702-00.03.37.268 1号.mp4
To Tell The Truth - Se3 - Ep07 -  HD Watch [x8ibi38]-00.04.10.357-00.04.11.028 2号（真）.mp4
To Tell The Truth - Se3 - Ep07 -  HD Watch [x8ibi38]-00.11.33.888-00.11.34.394 6号.mp4
To Tell The Truth - Se3 - Ep07 - HD Watch [x8ibi38]-00.03.12.486-00.03.12.826 3号.mp4
To Tell The Truth - Se3 - Ep07 - HD Watch [x8ibi38]-00.11.07.631-00.11.08.678 5号（真）.mp4
To Tell The Truth - Se3 - Ep07 - HD Watch [x8ibi38]-00.12.33.928-00.12.34.521 4号.mp4
To Tell The Truth - Se3 - Ep07 - HD Watch [x8ibi38]-00.18.40.274-00.18.40.828 8号（真）.mp4
To Tell The Truth - Se3 - Ep07 - HD Watch [x8ibi38]-00.19.19.529-00.19.20.014 7号（真）.mp4
To Tell The Truth - Se3 - Ep07 - HD Watch [x8ibi38]-00.19.40.676-00.19.41.012 9号.mp4
To Tell The Truth - Se3 - Ep07 - HD Watch [x8ibi38]-00.33.20.218-00.33.20.845 10号（真）.mp4
To Tell The Truth - Se3 - Ep07 - HD Watch [x8ibi38]-00.33.47.166-00.33.48.039 12号.mp4
To Tell The Truth - Se3 - Ep07 - HD Watch [x8ibi38]-00.34.29.848-00.34.30.624 11号.mp4
To Tell The Truth - Se3 - Ep08 -  HD Watch [x8ibi5e]-00.03.51.701-00.03.52.600 1号（真）.mp4
To Tell The Truth - Se3 - Ep08 -  HD Watch [x8ibi5e]-00.35.43.625-00.35.44.217 12号.mp4
To Tell The Truth - Se3 - Ep08 -  HD Watch [x8ibi5e]-00.36.06.755-00.36.08.170 10号.mp4
To Tell The Truth - Se3 - Ep08 - HD Watch [x8ibi5e]-00.03.13.526-00.03.14.394 2号.mp4
To Tell The Truth - Se3 - Ep08 - HD Watch [x8ibi5e]-00.03.34.471-00.03.35.344 3号.mp4
To Tell The Truth - Se3 - Ep08 - HD Watch [x8ibi5e]-00.11.21.709-00.11.22.650 5号.mp4
To Tell The Truth - Se3 - Ep08 - HD Watch [x8ibi5e]-00.11.40.988-00.11.41.520 4号（真）.mp4
To Tell The Truth - Se3 - Ep08 - HD Watch [x8ibi5e]-00.11.52.688-00.11.53.501 6号.mp4
To Tell The Truth - Se3 - Ep08 - HD Watch [x8ibi5e]-00.20.39.366-00.20.40.256 9号（真）.mp4
To Tell The Truth - Se3 - Ep08 - HD Watch [x8ibi5e]-00.20.48.640-00.20.49.680 7号（真）.mp4
To Tell The Truth - Se3 - Ep08 - HD Watch [x8ibi5e]-00.21.49.197-00.21.49.954 8号.mp4
To Tell The Truth - Se3 - Ep08 - HD Watch [x8ibi5e]-00.34.46.123-00.34.46.440 11号（真）.mp4
To Tell The Truth - Se3 - Ep09 -  HD Watch [x8ibi3v]-00.12.13.840-00.12.14.701 5号（真）.mp4
To Tell The Truth - Se3 - Ep09 - HD Watch [x8ibi3v]-00.02.57.456-00.02.57.878 3号.mp4
To Tell The Truth - Se3 - Ep09 - HD Watch [x8ibi3v]-00.03.10.181-00.03.11.414 2号（真）.mp4
To Tell The Truth - Se3 - Ep09 - HD Watch [x8ibi3v]-00.03.21.503-00.03.22.271 1号.mp4
To Tell The Truth - Se3 - Ep09 - HD Watch [x8ibi3v]-00.12.28.191-00.12.28.939 6号.mp4
To Tell The Truth - Se3 - Ep09 - HD Watch [x8ibi3v]-00.13.37.459-00.13.38.024 4号.mp4
To Tell The Truth - Se3 - Ep09 - HD Watch [x8ibi3v]-00.19.40.820-00.19.41.661 8号（真）.mp4
To Tell The Truth - Se3 - Ep09 - HD Watch [x8ibi3v]-00.19.53.279-00.19.54.054 9号.mp4
To Tell The Truth - Se3 - Ep09 - HD Watch [x8ibi3v]-00.20.14.111-00.20.14.784  7号（真）.mp4
To Tell The Truth - Se3 - Ep09 - HD Watch [x8ibi3v]-00.33.32.602-00.33.33.335 11号.mp4
To Tell The Truth - Se3 - Ep09 - HD Watch [x8ibi3v]-00.33.41.243-00.33.41.833 10号.mp4
To Tell The Truth - Se3 - Ep09 - HD Watch [x8ibi3v]-00.33.53.747-00.33.54.234 12号（真）.mp4
To Tell The Truth - Se3 - Ep10 - HD Watch [x8ibi3z]-00.03.16.171-00.03.16.816 2号.mp4
To Tell The Truth - Se3 - Ep10 - HD Watch [x8ibi3z]-00.03.34.417-00.03.35.164 1号.mp4
To Tell The Truth - Se3 - Ep10 - HD Watch [x8ibi3z]-00.03.54.662-00.03.54.770 3号（真）.mp4
To Tell The Truth - Se3 - Ep10 - HD Watch [x8ibi3z]-00.09.57.205-00.09.58.409 5号.mp4
To Tell The Truth - Se3 - Ep10 - HD Watch [x8ibi3z]-00.10.52.335-00.10.52.605 6号.mp4
To Tell The Truth - Se3 - Ep10 - HD Watch [x8ibi3z]-00.12.53.390-00.12.54.141 4号（真）.mp4
To Tell The Truth - Se3 - Ep10 - HD Watch [x8ibi3z]-00.19.03.132-00.19.04.112 9号（真）.mp4
To Tell The Truth - Se3 - Ep10 - HD Watch [x8ibi3z]-00.19.36.492-00.19.38.213 8号（真）.mp4
To Tell The Truth - Se3 - Ep10 - HD Watch [x8ibi3z]-00.20.26.600-00.20.27.623 7号.mp4
To Tell The Truth - Se3 - Ep10 - HD Watch [x8ibi3z]-00.34.13.625-00.34.14.075 11号.mp4
To Tell The Truth - Se3 - Ep10 - HD Watch [x8ibi3z]-00.34.28.866-00.34.29.631 10号.mp4
To Tell The Truth - Se3 - Ep10 - HD Watch [x8ibi3z]-00.35.13.741-00.35.14.128 12号（真）.mp4
To Tell The Truth - Se3 - Ep11 -  HD Watch [x8ibi6s]-00.04.21.448-00.04.22.296 2号.mp4
To Tell The Truth - Se3 - Ep11 - HD Watch [x8ibi6s]-00.03.51.796-00.03.51.965 3号（真）.mp4
To Tell The Truth - Se3 - Ep11 - HD Watch [x8ibi6s]-00.04.48.783-00.04.49.289 1号.mp4
To Tell The Truth - Se3 - Ep11 - HD Watch [x8ibi6s]-00.11.29.656-00.11.29.787 6号（真）.mp4
To Tell The Truth - Se3 - Ep11 - HD Watch [x8ibi6s]-00.11.49.431-00.11.49.877 5号.mp4
To Tell The Truth - Se3 - Ep11 - HD Watch [x8ibi6s]-00.12.55.682-00.12.56.366 4号（真）.mp4
To Tell The Truth - Se3 - Ep11 - HD Watch [x8ibi6s]-00.26.17.671-00.26.17.778 9号.mp4
To Tell The Truth - Se3 - Ep11 - HD Watch [x8ibi6s]-00.26.49.954-00.26.50.516 8号（真）.mp4
To Tell The Truth - Se3 - Ep11 - HD Watch [x8ibi6s]-00.26.59.836-00.27.00.187 7号.mp4
To Tell The Truth - Se3 - Ep11 - HD Watch [x8ibi6s]-00.35.08.248-00.35.08.799 12（真）.mp4
To Tell The Truth - Se3 - Ep11 - HD Watch [x8ibi6s]-00.35.26.454-00.35.27.765 10号.mp4
To Tell The Truth - Se3 - Ep11 - HD Watch [x8ibi6s]-00.36.00.521-00.36.01.119 11号.mp4
To Tell the Truth - Se4 - Ep01 - HD Watch [x8ibi5a]-00.02.48.930-00.02.49.443 1号.mp4
To Tell the Truth - Se4 - Ep01 - HD Watch [x8ibi5a]-00.03.13.300-00.03.13.360 2号.mp4
To Tell the Truth - Se4 - Ep01 - HD Watch [x8ibi5a]-00.03.21.842-00.03.22.877 3号（真）.mp4
To Tell the Truth - Se4 - Ep01 - HD Watch [x8ibi5a]-00.10.58.322-00.10.58.691 4号.mp4
To Tell the Truth - Se4 - Ep01 - HD Watch [x8ibi5a]-00.11.42.882-00.11.43.440 6号（真）.mp4
To Tell the Truth - Se4 - Ep01 - HD Watch [x8ibi5a]-00.11.51.939-00.11.52.858 5号.mp4
To Tell the Truth - Se4 - Ep01 - HD Watch [x8ibi5a]-00.19.21.158-00.19.21.814 9号（真）.mp4
To Tell the Truth - Se4 - Ep01 - HD Watch [x8ibi5a]-00.19.58.839-00.19.59.231 8号.mp4
To Tell the Truth - Se4 - Ep01 - HD Watch [x8ibi5a]-00.20.45.912-00.20.46.430 7号（真）.mp4
To Tell the Truth - Se4 - Ep01 - HD Watch [x8ibi5a]-00.34.43.498-00.34.44.996 11号.mp4
To Tell the Truth - Se4 - Ep01 - HD Watch [x8ibi5a]-00.35.17.270-00.35.17.649 12号（真）.mp4
To Tell the Truth - Se4 - Ep01 - HD Watch [x8ibi5a]-00.35.38.809-00.35.39.170 10号.mp4
To Tell the Truth - Se4 - Ep02 -  HD Watch [x8ibi7k]-00.03.20.589-00.03.21.502 1号.mp4
To Tell the Truth - Se4 - Ep02 -  HD Watch [x8ibi7k]-00.03.58.721-00.03.59.461 3号（真）.mp4
To Tell the Truth - Se4 - Ep02 -  HD Watch [x8ibi7k]-00.11.30.390-00.11.31.325 4号（真）.mp4
To Tell the Truth - Se4 - Ep02 -  HD Watch [x8ibi7k]-00.11.54.729-00.11.55.280 5号.mp4
To Tell the Truth - Se4 - Ep02 - HD Watch [x8ibi7k]-00.04.15.347-00.04.15.880 2号.mp4
To Tell the Truth - Se4 - Ep02 - HD Watch [x8ibi7k]-00.12.21.636-00.12.22.440 6号（真）.mp4
To Tell the Truth - Se4 - Ep02 - HD Watch [x8ibi7k]-00.25.43.419-00.25.44.080 9号（真）.mp4
To Tell the Truth - Se4 - Ep02 - HD Watch [x8ibi7k]-00.26.39.486-00.26.40.177 7号.mp4
To Tell the Truth - Se4 - Ep02 - HD Watch [x8ibi7k]-00.34.33.775-00.34.34.600 12号.mp4
To Tell the Truth - Se4 - Ep02 - HD Watch [x8ibi7k]-00.34.46.014-00.34.47.007 10号.mp4
To Tell the Truth - Se4 - Ep02 - HD Watch [x8ibi7k]-00.35.01.046-00.35.01.560 11号（真）.mp4
To Tell the Truth - Se4 - Ep02 -HD Watch [x8ibi7k]-00.25.55.218-00.25.55.920 8号.mp4
To Tell the Truth - Se4 - Ep03 -  HD Watch [x8ibi5m]-00.12.07.125-00.12.07.639 4号.mp4
To Tell the Truth - Se4 - Ep03 -  HD Watch [x8ibi5m]-00.13.23.624-00.13.24.438 5号（真）.mp4
To Tell the Truth - Se4 - Ep03 -  HD Watch [x8ibi5m]-00.34.55.833-00.34.56.483 10号.mp4
To Tell the Truth - Se4 - Ep03 - HD Watch [x8ibi5m]-00.02.57.783-00.02.58.909 3号（真）.mp4
To Tell the Truth - Se4 - Ep03 - HD Watch [x8ibi5m]-00.03.18.812-00.03.19.600 2号.mp4
To Tell the Truth - Se4 - Ep03 - HD Watch [x8ibi5m]-00.04.03.671-00.04.04.484 1号.mp4
To Tell the Truth - Se4 - Ep03 - HD Watch [x8ibi5m]-00.11.30.022-00.11.30.865 6号（真）.mp4
To Tell the Truth - Se4 - Ep03 - HD Watch [x8ibi5m]-00.26.37.859-00.26.38.804 9号.mp4
To Tell the Truth - Se4 - Ep03 - HD Watch [x8ibi5m]-00.26.55.842-00.26.56.550 7号（真）.mp4
To Tell the Truth - Se4 - Ep03 - HD Watch [x8ibi5m]-00.27.11.334-00.27.11.732 8号.mp4
To Tell the Truth - Se4 - Ep03 - HD Watch [x8ibi5m]-00.34.39.402-00.34.40.017 12号（真）.mp4
To Tell the Truth - Se4 - Ep03 - HD Watch [x8ibi5m]-00.35.27.952-00.35.28.428 11号.mp4
To Tell the Truth - Se4 - Ep04 -  HD Watch [x8ibi5o]-00.03.30.359-00.03.31.079 1号（真）.mp4
To Tell the Truth - Se4 - Ep04 -  HD Watch [x8ibi5o]-00.03.42.588-00.03.43.496 2号.mp4
To Tell the Truth - Se4 - Ep04 -  HD Watch [x8ibi5o]-00.10.51.262-00.10.52.488 4号（真）.mp4
To Tell the Truth - Se4 - Ep04 -  HD Watch [x8ibi5o]-00.11.06.333-00.11.06.833 5号.mp4
To Tell the Truth - Se4 - Ep04 -  HD Watch [x8ibi5o]-00.11.15.914-00.11.16.596 6号（真）.mp4
To Tell the Truth - Se4 - Ep04 -  HD Watch [x8ibi5o]-00.27.15.647-00.27.16.374 7号（真）.mp4
To Tell the Truth - Se4 - Ep04 -  HD Watch [x8ibi5o]-00.27.30.605-00.27.31.350 8号.mp4
To Tell the Truth - Se4 - Ep04 -  HD Watch [x8ibi5o]-00.35.00.444-00.35.01.010  12号.mp4
To Tell the Truth - Se4 - Ep04 - HD Watch [x8ibi5o]-00.03.09.683-00.03.10.200 6 3号.mp4
To Tell the Truth - Se4 - Ep04 - HD Watch [x8ibi5o]-00.27.45.768-00.27.46.451 9号.mp4
To Tell the Truth - Se4 - Ep04 - HD Watch [x8ibi5o]-00.34.11.845-00.34.12.895 10号（真）.mp4
To Tell the Truth - Se4 - Ep04 - HD Watch [x8ibi5o]-00.39.38.224-00.39.38.914 11号.mp4
To Tell the Truth - Se4 - Ep05 -  HD Watch [x8id498]-00.04.30.997-00.04.31.858 3号.mp4
To Tell the Truth - Se4 - Ep05 -  HD Watch [x8id498]-00.12.03.380-00.12.04.040 6号（真）.mp4
To Tell the Truth - Se4 - Ep05 -  HD Watch [x8id498]-00.12.37.552-00.12.38.416 5号.mp4
To Tell the Truth - Se4 - Ep05 -  HD Watch [x8id498]-00.20.48.350-00.20.48.978 9号（真）.mp4
To Tell the Truth - Se4 - Ep05 -  HD Watch [x8id498]-00.34.36.542-00.34.36.840 11号（真）.mp4
To Tell the Truth - Se4 - Ep05 -  HD Watch [x8id498]-00.35.33.385-00.35.33.520  12号.mp4
To Tell the Truth - Se4 - Ep05 -  HD Watch [x8id498]-00.35.43.526-00.35.44.137 10号.mp4
To Tell the Truth - Se4 - Ep05 - HD Watch [x8id498]-00.03.18.501-00.03.19.079 1号（真).mp4
To Tell the Truth - Se4 - Ep05 - HD Watch [x8id498]-00.03.33.344-00.03.34.042 2号.mp4
To Tell the Truth - Se4 - Ep05 - HD Watch [x8id498]-00.11.30.803-00.11.31.297 4号.mp4
To Tell the Truth - Se4 - Ep05 - HD Watch [x8id498]-00.18.36.947-00.18.37.637 7号.mp4
To Tell the Truth - Se4 - Ep05 - HD Watch [x8id498]-00.19.15.125-00.19.15.943 8号（真）.mp4
To Tell the Truth - Se4 - Ep06 -  HD Watch [x8ibi7h]-00.03.55.917-00.03.56.500 2号.mp4
To Tell the Truth - Se4 - Ep06 -  HD Watch [x8ibi7h]-00.04.27.646-00.04.28.196  3号（真）.mp4
To Tell the Truth - Se4 - Ep06 -  HD Watch [x8ibi7h]-00.11.42.553-00.11.43.134 4号.mp4
To Tell the Truth - Se4 - Ep06 -  HD Watch [x8ibi7h]-00.12.45.116-00.12.45.831 6号（真）.mp4
To Tell the Truth - Se4 - Ep06 -  HD Watch [x8ibi7h]-00.18.49.407-00.18.50.377 9号（真）.mp4
To Tell the Truth - Se4 - Ep06 -  HD Watch [x8ibi7h]-00.19.15.445-00.19.15.920 8号（真）.mp4
To Tell the Truth - Se4 - Ep06 -  HD Watch [x8ibi7h]-00.34.36.216-00.34.36.772  11号（真）.mp4
To Tell the Truth - Se4 - Ep06 -  HD Watch [x8ibi7h]-00.36.38.380-00.36.39.167 10号.mp4
To Tell the Truth - Se4 - Ep06 -  HD Watch [x8ibi7h]-00.36.48.551-00.36.49.276 12号.mp4
To Tell the Truth - Se4 - Ep06 - HD Watch [x8ibi7h]-00.04.52.310-00.04.52.989 1号.mp4
To Tell the Truth - Se4 - Ep06 - HD Watch [x8ibi7h]-00.12.37.955-00.12.38.240 5号.mp4
To Tell the Truth - Se4 - Ep06 - HD Watch [x8ibi7h]-00.18.37.067-00.18.37.755 7号.mp4
To Tell the Truth - Se4 - Ep07 -  HD Watch [x8ibi7s]-00.04.00.578-00.04.01.255 1号.mp4
To Tell the Truth - Se4 - Ep07 -  HD Watch [x8ibi7s]-00.04.12.998-00.04.13.570 3号.mp4
To Tell the Truth - Se4 - Ep07 -  HD Watch [x8ibi7s]-00.11.45.406-00.11.45.840  4号（真）.mp4
To Tell the Truth - Se4 - Ep07 -  HD Watch [x8ibi7s]-00.26.12.594-00.26.12.872 8号.mp4
To Tell the Truth - Se4 - Ep07 -  HD Watch [x8ibi7s]-00.27.23.952-00.27.24.885 9号.mp4
To Tell the Truth - Se4 - Ep07 -  HD Watch [x8ibi7s]-00.27.24.216-00.27.24.761 7号 （真）.mp4
To Tell the Truth - Se4 - Ep07 -  HD Watch [x8ibi7s]-00.33.33.544-00.33.34.127  11号.mp4
To Tell the Truth - Se4 - Ep07 -  HD Watch [x8ibi7s]-00.34.15.272-00.34.15.822 10号（真）.mp4
To Tell the Truth - Se4 - Ep07 -  HD Watch [x8ibi7s]-00.35.26.066-00.35.26.120 12号.mp4
To Tell the Truth - Se4 - Ep07 - HD Watch [x8ibi7s]-00.05.31.354-00.05.32.071  2号（真).mp4
To Tell the Truth - Se4 - Ep07 - HD Watch [x8ibi7s]-00.12.00.422-00.12.01.158 5号.mp4
To Tell the Truth - Se4 - Ep07 - HD Watch [x8ibi7s]-00.12.09.782-00.12.10.040 6号（真）.mp4
To Tell the Truth - Se4 - Ep08 -  HD Watch [x8ibi84]-00.03.27.202-00.03.28.175 1号.mp4
To Tell the Truth - Se4 - Ep08 -  HD Watch [x8ibi84]-00.03.45.892-00.03.46.320 2号（真）.mp4
To Tell the Truth - Se4 - Ep08 -  HD Watch [x8ibi84]-00.03.51.967-00.03.52.400 3号.mp4
To Tell the Truth - Se4 - Ep08 -  HD Watch [x8ibi84]-00.12.18.203-00.12.18.480 6号（真）.mp4
To Tell the Truth - Se4 - Ep08 -  HD Watch [x8ibi84]-00.12.33.079-00.12.33.881 4号（真）.mp4
To Tell the Truth - Se4 - Ep08 -  HD Watch [x8ibi84]-00.13.10.159-00.13.10.618 5号.mp4
To Tell the Truth - Se4 - Ep08 -  HD Watch [x8ibi84]-00.25.51.423-00.25.52.091 8号.mp4
To Tell the Truth - Se4 - Ep08 -  HD Watch [x8ibi84]-00.26.44.040-00.26.44.240 7号.mp4
To Tell the Truth - Se4 - Ep08 -  HD Watch [x8ibi84]-00.34.24.073-00.34.24.664 11号.mp4
To Tell the Truth - Se4 - Ep08 -  HD Watch [x8ibi84]-00.34.45.425-00.34.46.043 10号（真）.mp4
To Tell the Truth - Se4 - Ep08 -  HD Watch [x8ibi84]-00.35.00.791-00.35.01.120 12号.mp4
To Tell the Truth - Se4 - Ep08 - HD Watch [x8ibi84]-00.26.00.932-00.26.01.577 9号（真）.mp4
To Tell the Truth - Se4 - Ep09 -  HD Watch [x8ibi85]-00.11.16.793-00.11.17.286 5号（真）.mp4
To Tell the Truth - Se4 - Ep09 -  HD Watch [x8ibi85]-00.11.28.366-00.11.28.955 6号（真）.mp4
To Tell the Truth - Se4 - Ep09 -  HD Watch [x8ibi85]-00.26.30.162-00.26.30.724 8号.mp4
To Tell the Truth - Se4 - Ep09 -  HD Watch [x8ibi85]-00.26.38.134-00.26.38.665 9号（真）.mp4
To Tell the Truth - Se4 - Ep09 -  HD Watch [x8ibi85]-00.27.16.900-00.27.17.437 7号.mp4
To Tell the Truth - Se4 - Ep09 -  HD Watch [x8ibi85]-00.34.36.097-00.34.36.708 11号.mp4
To Tell the Truth - Se4 - Ep09 -  HD Watch [x8ibi85]-00.35.38.750-00.35.39.940 10号（真）.mp4
To Tell the Truth - Se4 - Ep09 - HD Watch [x8ibi85]-00.04.28.520-00.04.29.102 2号.mp4
To Tell the Truth - Se4 - Ep09 - HD Watch [x8ibi85]-00.13.37.191-00.13.37.317 4号.mp4
To Tell the Truth - Se4 - Ep09 - HD Watch [x8ibi85]-00.34.30.019-00.34.30.695 12号.mp4
To Tell the Truth - Se4 - Ep09 - r HD Watch [x8ibi85]-00.04.35.126-00.04.35.342 3号（真）.mp4
To Tell the Truth - Se4 - Ep09 - r HD Watch [x8ibi85]-00.05.27.873-00.05.28.362 1号.mp4
To Tell the Truth - Se4 - Ep10 -  HD Watch [x8id48o]-00.03.04.835-00.03.05.377 2号.mp4
To Tell the Truth - Se4 - Ep10 -  HD Watch [x8id48o]-00.03.40.733-00.03.41.419 3号（真）.mp4
To Tell the Truth - Se4 - Ep10 -  HD Watch [x8id48o]-00.04.03.657-00.04.04.644 1号.mp4
To Tell the Truth - Se4 - Ep10 -  HD Watch [x8id48o]-00.11.23.301-00.11.23.932 5号（真）.mp4
To Tell the Truth - Se4 - Ep10 -  HD Watch [x8id48o]-00.12.08.826-00.12.09.017 6号.mp4
To Tell the Truth - Se4 - Ep10 -  HD Watch [x8id48o]-00.25.21.918-00.25.22.305 8号（真）.mp4
To Tell the Truth - Se4 - Ep10 -  HD Watch [x8id48o]-00.26.12.896-00.26.13.454 9号.mp4
To Tell the Truth - Se4 - Ep10 -  HD Watch [x8id48o]-00.27.10.094-00.27.10.542 7号.mp4
To Tell the Truth - Se4 - Ep10 -  HD Watch [x8id48o]-00.34.45.695-00.34.46.329 12号（真）.mp4
To Tell the Truth - Se4 - Ep10 -  HD Watch [x8id48o]-00.34.54.003-00.34.54.563 10号.mp4
To Tell the Truth - Se4 - Ep10 -  HD Watch [x8id48o]-00.35.51.693-00.35.52.340 11号.mp4
To Tell the Truth - Se4 - Ep10 - HD Watch [x8id48o]-00.12.52.792-00.12.53.304 4号（真）.mp4
To Tell the Truth - Se4 - Ep11 -  HD Watch [x8id495]-00.02.52.919-00.02.53.288 3号.mp4
To Tell the Truth - Se4 - Ep11 -  HD Watch [x8id495]-00.03.01.467-00.03.01.976 1号.mp4
To Tell the Truth - Se4 - Ep11 -  HD Watch [x8id495]-00.10.37.510-00.10.38.170 5号.mp4
To Tell the Truth - Se4 - Ep11 -  HD Watch [x8id495]-00.20.03.321-00.20.03.897 8号.mp4
To Tell the Truth - Se4 - Ep11 -  HD Watch [x8id495]-00.33.35.859-00.33.36.424 11号.mp4
To Tell the Truth - Se4 - Ep11 - HD Watch [x8id495]-00.10.03.807-00.10.04.496 6号（真）.mp4
To Tell the Truth - Se4 - Ep11 - HD Watch [x8id495]-00.10.25.774-00.10.26.203 4号.mp4
To Tell the Truth - Se4 - Ep11 - HD Watch [x8id495]-00.19.05.799-00.19.06.401 9号（真）.mp4
To Tell the Truth - Se4 - Ep11 - HD Watch [x8id495]-00.33.25.679-00.33.26.159 10号（真）.mp4
To Tell the Truth - Se4 - Ep11 - HD Watch [x8id495]-00.33.53.767-00.33.54.307 12号.mp4
To Tell the Truth - Se4 - Ep11 -HD Watch [x8id495]-00.04.05.138-00.04.05.627 2号（真）.mp4
To Tell the Truth - Se4 - Ep11 -HD Watch [x8id495]-00.19.29.088-00.19.29.733 7号（真）.mp4
To Tell the Truth - Se4 - Ep12 -  HD Watch [x8id493]-00.03.35.551-00.03.36.102 2号.mp4
To Tell the Truth - Se4 - Ep12 -  HD Watch [x8id493]-00.05.58.867-00.05.59.492 1号.mp4
To Tell the Truth - Se4 - Ep12 -  HD Watch [x8id493]-00.11.49.298-00.11.49.559 4号.mp4
To Tell the Truth - Se4 - Ep12 -  HD Watch [x8id493]-00.11.52.467-00.11.53.016 5号（真）.mp4
To Tell the Truth - Se4 - Ep12 -  HD Watch [x8id493]-00.19.38.440-00.19.39.085 8号.mp4
To Tell the Truth - Se4 - Ep12 -  HD Watch [x8id493]-00.20.02.116-00.20.02.816 7号（真）.mp4
To Tell the Truth - Se4 - Ep12 -  HD Watch [x8id493]-00.33.46.316-00.33.46.916  12号.mp4
To Tell the Truth - Se4 - Ep12 - HD Watch [x8id493]-00.03.50.019-00.03.50.513 3号（真）.mp4
To Tell the Truth - Se4 - Ep12 - HD Watch [x8id493]-00.19.28.192-00.19.28.859 9号(真）.mp4
To Tell the Truth - Se4 - Ep12 - HD Watch [x8id493]-00.32.59.963-00.33.00.373 11号（真）.mp4
To Tell the Truth - Se4 - Ep12 - HD Watch [x8id493]-00.33.24.203-00.33.24.744 10号.mp4
To Tell the Truth - Se4 - Ep12 - s HD Watch [x8id493]-00.11.19.501-00.11.20.056 6号.mp4
To Tell the Truth - Se4 - Ep13 -  HD Watch [x8id49h]-00.26.13.105-00.26.13.777 8号.mp4
To Tell the Truth - Se4 - Ep13 -  HD Watch [x8id49h]-00.34.36.987-00.34.37.650 10号.mp4
To Tell the Truth - Se4 - Ep13 - HD Watch [x8id49h]-00.04.06.078-00.04.06.717 1号 （真）.mp4
To Tell the Truth - Se4 - Ep13 - HD Watch [x8id49h]-00.04.17.422-00.04.18.065 2号.mp4
To Tell the Truth - Se4 - Ep13 - HD Watch [x8id49h]-00.04.35.177-00.04.35.766 3号.mp4
To Tell the Truth - Se4 - Ep13 - HD Watch [x8id49h]-00.12.08.135-00.12.08.718 4号.mp4
To Tell the Truth - Se4 - Ep13 - HD Watch [x8id49h]-00.12.13.489-00.12.14.352 6号（真）.mp4
To Tell the Truth - Se4 - Ep13 - HD Watch [x8id49h]-00.13.35.008-00.13.35.593 5号（真）.mp4
To Tell the Truth - Se4 - Ep13 - HD Watch [x8id49h]-00.25.33.217-00.25.33.593 7号（真）.mp4
To Tell the Truth - Se4 - Ep13 - HD Watch [x8id49h]-00.25.48.129-00.25.48.681 9号.mp4
To Tell the Truth - Se4 - Ep13 - HD Watch [x8id49h]-00.34.45.475-00.34.46.079 12号（真）.mp4
To Tell the Truth - Se4 - Ep13 - HD Watch [x8id49h]-00.35.30.770-00.35.31.624  11号.mp4
To Tell The Truth - Se5 - Ep01 - SePremiere HD Watch [x8id48n]-00.03.30.827-00.03.30.878   1号.mp4
To Tell The Truth - Se5 - Ep01 - SePremiere HD Watch [x8id48n]-00.03.49.229-00.03.50.250  3号（真）.mp4
To Tell The Truth - Se5 - Ep01 - SePremiere HD Watch [x8id48n]-00.05.28.950-00.05.29.930  2号.mp4
To Tell The Truth - Se5 - Ep01 - SePremiere HD Watch [x8id48n]-00.11.48.694-00.11.49.076 6号.mp4
To Tell The Truth - Se5 - Ep01 - SePremiere HD Watch [x8id48n]-00.11.58.220-00.11.58.585 5号.mp4
To Tell The Truth - Se5 - Ep01 - SePremiere HD Watch [x8id48n]-00.14.16.205-00.14.16.957 4号（真）.mp4
To Tell The Truth - Se5 - Ep01 - SePremiere HD Watch [x8id48n]-00.19.58.797-00.19.59.337  9号.mp4
To Tell The Truth - Se5 - Ep01 - SePremiere HD Watch [x8id48n]-00.20.16.557-00.20.17.269  8号（真）.mp4
To Tell The Truth - Se5 - Ep01 - SePremiere HD Watch [x8id48n]-00.20.26.086-00.20.26.888  7号（真）.mp4
To Tell The Truth - Se5 - Ep01 - SePremiere HD Watch [x8id48n]-00.33.50.349-00.33.50.915 11号（真）.mp4
To Tell The Truth - Se5 - Ep01 - SePremiere HD Watch [x8id48n]-00.34.57.287-00.34.57.989 10号.mp4
To Tell The Truth - Se5 - Ep01 - SePremiere HD Watch [x8id48n]-00.35.58.887-00.35.59.026  12号.mp4
To Tell The Truth - Se5 - Ep02 HD Watch [x8id49c]-00.04.05.853-00.04.06.179  2号.mp4
To Tell The Truth - Se5 - Ep02 HD Watch [x8id49c]-00.05.10.407-00.05.10.925  3号（真）.mp4
To Tell The Truth - Se5 - Ep02 HD Watch [x8id49c]-00.05.55.020-00.05.55.021  1号.mp4
To Tell The Truth - Se5 - Ep02 HD Watch [x8id49c]-00.11.30.823-00.11.31.425  6号（真）.mp4
To Tell The Truth - Se5 - Ep02 HD Watch [x8id49c]-00.12.07.393-00.12.08.106  5号.mp4
To Tell The Truth - Se5 - Ep02 HD Watch [x8id49c]-00.12.55.817-00.12.56.009  4号（真）.mp4
To Tell The Truth - Se5 - Ep02 HD Watch [x8id49c]-00.25.23.769-00.25.24.590  9号.mp4
To Tell The Truth - Se5 - Ep02 HD Watch [x8id49c]-00.25.31.902-00.25.32.097  7号.mp4
To Tell The Truth - Se5 - Ep02 HD Watch [x8id49c]-00.26.04.515-00.26.04.863  8号（真）.mp4
To Tell The Truth - Se5 - Ep02 HD Watch [x8id49c]-00.32.56.709-00.32.57.271  11号.mp4
To Tell The Truth - Se5 - Ep02 HD Watch [x8id49c]-00.34.26.408-00.34.27.012  10号（真）.mp4
To Tell The Truth - Se5 - Ep02 HD Watch [x8id49c]-00.34.46.011-00.34.46.217  12号.mp4
To Tell The Truth - Se5 - Ep03 HD Watch [x8id497]-00.03.16.678-00.03.17.319  1号.mp4
To Tell The Truth - Se5 - Ep03 HD Watch [x8id497]-00.03.30.524-00.03.30.877  3号真）.mp4
To Tell The Truth - Se5 - Ep03 HD Watch [x8id497]-00.04.10.304-00.04.11.086  2号.mp4
To Tell The Truth - Se5 - Ep03 HD Watch [x8id497]-00.10.29.832-00.10.30.452  4号（真）.mp4
To Tell The Truth - Se5 - Ep03 HD Watch [x8id497]-00.11.23.681-00.11.24.327  5号.mp4
To Tell The Truth - Se5 - Ep03 HD Watch [x8id497]-00.11.43.908-00.11.44.543  6号.mp4
To Tell The Truth - Se5 - Ep03 HD Watch [x8id497]-00.19.11.145-00.19.11.933  8号.mp4
To Tell The Truth - Se5 - Ep03 HD Watch [x8id497]-00.19.28.691-00.19.29.068  9号（真）.mp4
To Tell The Truth - Se5 - Ep03 HD Watch [x8id497]-00.19.40.777-00.19.41.383  7号（真）.mp4
To Tell The Truth - Se5 - Ep03 HD Watch [x8id497]-00.34.18.421-00.34.18.907  12号.mp4
To Tell The Truth - Se5 - Ep03 HD Watch [x8id497]-00.34.23.931-00.34.24.262  10号.mp4
To Tell The Truth - Se5 - Ep03 HD Watch [x8id497]-00.35.50.661-00.35.51.164  11号（真）.mp4
To Tell The Truth - Se5 - Ep04 HD Watch [x8id49f]-00.03.42.755-00.03.43.448  3号（真）.mp4
To Tell The Truth - Se5 - Ep04 HD Watch [x8id49f]-00.03.51.678-00.03.52.319  2号.mp4
To Tell The Truth - Se5 - Ep04 HD Watch [x8id49f]-00.04.03.555-00.04.04.364 1号.mp4
To Tell The Truth - Se5 - Ep04 HD Watch [x8id49f]-00.11.14.286-00.11.15.012  4号.mp4
To Tell The Truth - Se5 - Ep04 HD Watch [x8id49f]-00.11.22.720-00.11.23.555  5号（真）.mp4
To Tell The Truth - Se5 - Ep04 HD Watch [x8id49f]-00.11.30.808-00.11.31.666  6号（真）.mp4
To Tell The Truth - Se5 - Ep04 HD Watch [x8id49f]-00.25.28.797-00.25.29.507  7号.mp4
To Tell The Truth - Se5 - Ep04 HD Watch [x8id49f]-00.25.36.392-00.25.36.769  8号（真）.mp4
To Tell The Truth - Se5 - Ep04 HD Watch [x8id49f]-00.26.12.388-00.26.12.704 9号.mp4
To Tell The Truth - Se5 - Ep04 HD Watch [x8id49f]-00.33.30.547-00.33.31.176  10号.mp4
To Tell The Truth - Se5 - Ep04 HD Watch [x8id49f]-00.34.47.251-00.34.47.552  11号.mp4
To Tell The Truth - Se5 - Ep04 HD Watch [x8id49f]-00.34.56.520-00.34.57.033  12号（真）.mp4
To Tell The Truth - Se5 - Ep05 HD Watch [x8id4a0]-00.03.13.241-00.03.13.863  3号.mp4
To Tell The Truth - Se5 - Ep05 HD Watch [x8id4a0]-00.03.42.783-00.03.42.923 1号 （真）.mp4
To Tell The Truth - Se5 - Ep05 HD Watch [x8id4a0]-00.05.42.940-00.05.43.176  2号.mp4
To Tell The Truth - Se5 - Ep05 HD Watch [x8id4a0]-00.11.29.120-00.11.29.624  4号.mp4
To Tell The Truth - Se5 - Ep05 HD Watch [x8id4a0]-00.11.34.806-00.11.35.604  5号.mp4
To Tell The Truth - Se5 - Ep05 HD Watch [x8id4a0]-00.11.40.520-00.11.41.118  6号 （真）.mp4
To Tell The Truth - Se5 - Ep05 HD Watch [x8id4a0]-00.18.56.047-00.18.56.502  8号.mp4
To Tell The Truth - Se5 - Ep05 HD Watch [x8id4a0]-00.19.50.105-00.19.50.887  7号（真）.mp4
To Tell The Truth - Se5 - Ep05 HD Watch [x8id4a0]-00.20.47.573-00.20.48.304  9号（真）.mp4
To Tell The Truth - Se5 - Ep05 HD Watch [x8id4a0]-00.34.35.508-00.34.35.907  10号.mp4
To Tell The Truth - Se5 - Ep05 HD Watch [x8id4a0]-00.34.53.505-00.34.53.725  11号（真）.mp4
To Tell The Truth - Se5 - Ep05 HD Watch [x8id4a0]-00.35.41.308-00.35.41.773  12号.mp4
To Tell The Truth - Se5 - Ep07 HD Watch [x8id49m]-00.02.57.226-00.02.57.992  1号.mp4
To Tell The Truth - Se5 - Ep07 HD Watch [x8id49m]-00.03.09.451-00.03.10.090  2号.mp4
To Tell The Truth - Se5 - Ep07 HD Watch [x8id49m]-00.03.39.936-00.03.40.420  3号（真）.mp4
To Tell The Truth - Se5 - Ep07 HD Watch [x8id49m]-00.11.36.867-00.11.37.677  5号（真）.mp4
To Tell The Truth - Se5 - Ep07 HD Watch [x8id49m]-00.11.45.909-00.11.46.630  6号.mp4
To Tell The Truth - Se5 - Ep07 HD Watch [x8id49m]-00.12.50.075-00.12.50.827  4号.mp4
To Tell The Truth - Se5 - Ep07 HD Watch [x8id49m]-00.20.14.556-00.20.15.481  7号（真）.mp4
To Tell The Truth - Se5 - Ep07 HD Watch [x8id49m]-00.20.22.543-00.20.23.190  9号（真）.mp4
To Tell The Truth - Se5 - Ep07 HD Watch [x8id49m]-00.20.54.346-00.20.55.213  8号.mp4
To Tell The Truth - Se5 - Ep07 HD Watch [x8id49m]-00.33.50.216-00.33.50.950  11号.mp4
To Tell The Truth - Se5 - Ep07 HD Watch [x8id49m]-00.34.09.762-00.34.10.756  12号.mp4
To Tell The Truth - Se5 - Ep07 HD Watch [x8id49m]-00.34.47.433-00.34.48.065  10号（真）.mp4
To Tell The Truth - Se5 - Ep08 HD Watch [x8id49n]-00.03.34.283-00.03.34.896  2号（真）.mp4
To Tell The Truth - Se5 - Ep08 HD Watch [x8id49n]-00.04.45.520-00.04.45.853  1号.mp4
To Tell The Truth - Se5 - Ep08 HD Watch [x8id49n]-00.05.03.499-00.05.04.104  3号.mp4
To Tell The Truth - Se5 - Ep08 HD Watch [x8id49n]-00.12.46.859-00.12.48.108  5号.mp4
To Tell The Truth - Se5 - Ep08 HD Watch [x8id49n]-00.13.03.869-00.13.06.287  4号（真）.mp4
To Tell The Truth - Se5 - Ep08 HD Watch [x8id49n]-00.13.22.083-00.13.22.735  6号（真）.mp4
To Tell The Truth - Se5 - Ep08 HD Watch [x8id49n]-00.25.26.112-00.25.26.739 8号（真）.mp4
To Tell The Truth - Se5 - Ep08 HD Watch [x8id49n]-00.26.47.441-00.26.47.474 7号.mp4
To Tell The Truth - Se5 - Ep08 HD Watch [x8id49n]-00.28.28.279-00.28.28.966  9号.mp4
To Tell The Truth - Se5 - Ep08 HD Watch [x8id49n]-00.34.14.942-00.34.15.022  11号.mp4
To Tell The Truth - Se5 - Ep08 HD Watch [x8id49n]-00.34.53.473-00.34.54.037  10号.mp4
To Tell The Truth - Se5 - Ep08 HD Watch [x8id49n]-00.36.21.027-00.36.21.661  12号.mp4
To Tell The Truth - Se5 - Ep09 HD Watch [x8id49y]-00.04.34.666-00.04.35.175 1号.mp4
To Tell The Truth - Se5 - Ep09 HD Watch [x8id49y]-00.04.49.610-00.04.49.990  2号（真）.mp4
To Tell The Truth - Se5 - Ep09 HD Watch [x8id49y]-00.05.01.267-00.05.02.236  3号.mp4
To Tell The Truth - Se5 - Ep09 HD Watch [x8id49y]-00.11.41.220-00.11.42.062  4号.mp4
To Tell The Truth - Se5 - Ep09 HD Watch [x8id49y]-00.12.01.371-00.12.01.982  5号.mp4
To Tell The Truth - Se5 - Ep09 HD Watch [x8id49y]-00.12.25.752-00.12.27.158  6号（真）.mp4
To Tell The Truth - Se5 - Ep09 HD Watch [x8id49y]-00.19.07.715-00.19.08.564  8号（真）.mp4
To Tell The Truth - Se5 - Ep09 HD Watch [x8id49y]-00.19.55.801-00.19.56.430  7号（真）.mp4
To Tell The Truth - Se5 - Ep09 HD Watch [x8id49y]-00.20.56.929-00.20.57.591  9号.mp4
To Tell The Truth - Se5 - Ep09 HD Watch [x8id49y]-00.33.44.850-00.33.45.880  11号（真）.mp4
To Tell The Truth - Se5 - Ep09 HD Watch [x8id49y]-00.33.53.477-00.33.54.221  12号.mp4
To Tell The Truth - Se5 - Ep09 HD Watch [x8id49y]-00.34.21.850-00.34.22.528  10号.mp4
To Tell The Truth - Se5 - Ep10 HD Watch [x8id49z]-00.03.39.492-00.03.40.924  3号.mp4
To Tell The Truth - Se5 - Ep10 HD Watch [x8id49z]-00.04.15.453-00.04.16.399  2号（真）.mp4
To Tell The Truth - Se5 - Ep10 HD Watch [x8id49z]-00.04.58.236-00.04.58.532  1号.mp4
To Tell The Truth - Se5 - Ep10 HD Watch [x8id49z]-00.10.25.598-00.10.25.826  5号.mp4
To Tell The Truth - Se5 - Ep10 HD Watch [x8id49z]-00.10.52.193-00.10.52.619  6号（真）.mp4
To Tell The Truth - Se5 - Ep10 HD Watch [x8id49z]-00.11.52.332-00.11.52.579  4号.mp4
To Tell The Truth - Se5 - Ep10 HD Watch [x8id49z]-00.19.19.836-00.19.19.960  7号（真）.mp4
To Tell The Truth - Se5 - Ep10 HD Watch [x8id49z]-00.19.46.609-00.19.46.820  9号（真）.mp4
To Tell The Truth - Se5 - Ep10 HD Watch [x8id49z]-00.20.32.316-00.20.32.926  8号.mp4
To Tell The Truth - Se5 - Ep10 HD Watch [x8id49z]-00.33.41.771-00.33.42.557  10号.mp4
To Tell The Truth - Se5 - Ep10 HD Watch [x8id49z]-00.33.48.515-00.33.49.245  11号（真）.mp4
To Tell The Truth - Se5 - Ep10 HD Watch [x8id49z]-00.34.20.584-00.34.21.669  12号.mp4
